 Timestamp,Latitude,Longitude,RSRP,SNR,RSRQ,RSSI,Downlink throughput (application)
 9:46:21,3.043164,101.593236,-111,-8,-15.66666667,-88,24801.17
 9:46:21,3.043172,101.5933624,-107.6666667,-8.25,-13,-89,16883.46
 9:46:21,3.043182778,101.593573,-106.3333333,-4.25,-13.66666667,-86.66666667,5093.35
 9:46:22,3.043192778,101.5937763,-105,-5,-16,-83.5,2681.45
 9:46:22,3.043198444,101.594007,-102.5,-3.75,-13.5,-83,5106.25
 9:46:22,3.043208,101.5941958,-100.3333333,-0.25,-12,-84.66666667,13786.85
 9:46:22,3.043216444,101.594455,-99.5,3.5,-11,-85.5,3012.8
 9:46:22,3.043226667,101.594655,-101.5,2.75,-11.5,-83.5,10679.33333
 9:46:22,3.043240667,101.5948376,-99,3.25,-11,-82,18724.25
 9:46:22,3.043247111,101.5949324,-95,6.25,-10.66666667,-81,17274.15
 9:46:22,3.043249,101.5949809,-96,8.166666667,-11,-81.5,17734.86667
 9:46:23,3.043244667,101.595086,-94.5,7.5,-11,-80,4747.7
 9:46:23,3.043237778,101.5952239,-95.5,6,-11,-79,3657.433333
 9:46:23,3.043232,101.5953927,-90.66666667,6.75,-10,-75.66666667,23161.3
 9:46:23,3.043224889,101.5956073,-95,6.833333333,-11,-78,9543.9
 9:46:23,3.043219667,101.5957759,-92.5,5.75,-10.5,-77,20224.36667
 9:46:23,3.043212556,101.5960491,-92.5,7.75,-10,-76,23667.2
 9:46:24,3.043211,101.5963041,-92,9.25,-10.33333333,-77.33333333,10070.6
 9:46:24,3.043210556,101.5965278,-92,9.833333333,-10,-76.5,16318.35
 9:46:24,3.043205222,101.5967761,-90.5,9.25,-10,-74.5,19587.4
 9:46:25,3.043203,101.596975,-88.66666667,10.25,-9.666666667,-73.66666667,25348.33333
 9:46:25,3.043203111,101.5971427,-86,11.75,-10,-70.5,32436.5
 9:46:25,3.043208444,101.5974557,-85,11.5,-10,-70.5,25712.9
 9:46:25,3.043213556,101.5977131,-84.5,12.75,-10,-67.5,37786.05
 9:46:26,3.043212,101.5979518,-78,13.5,-10,-63,25499.26667
 9:46:26,3.043206444,101.5981842,-78.33333333,13.5,-10,-64,29636.15
 9:46:26,3.043202,101.5983631,-81.5,12.66666667,-10.5,-65,7660.95
 9:46:26,3.043195444,101.5986416,-75.66666667,8,-10.66666667,-58.66666667,9881.2
 9:46:27,3.043197889,101.5987716,-76.5,1.25,-12.5,-55.5,11419.5
 9:46:27,3.043197889,101.5990304,-75.5,0.25,-12,-57.5,20417.15
 9:46:27,3.043197,101.5993049,-73,4.75,-10,-55.33333333,31919.25
 9:46:27,3.043196889,101.5995934,-73.5,7.333333333,-9.5,-57.5,35752.25
 9:46:28,3.043198667,101.5998496,-73,11.25,-9,-56,46744.13333
 9:46:28,3.043196444,101.6002291,-74.5,15,-9,-58,51725.4
 9:46:28,3.043196889,101.6005427,-79,13.25,-9,-63,46903.3
 9:46:28,3.043198778,101.6008393,-83,15.66666667,-9,-67,51723.65
 9:46:29,3.043199,101.6011396,-87.5,14.25,-9.5,-71.5,42236.76667
 9:46:29,3.043198667,101.601349,-88,12,-10,-74.5,35731.25
 9:46:29,3.043203111,101.6016931,-90,11,-9.333333333,-75.66666667,40050.9
 9:46:29,3.043238667,101.6018501,-87.5,10.83333333,-9.5,-72,39950.7
 9:46:30,3.043341444,101.6019513,-96,8.75,-10.5,-79.5,35162.9
 9:46:30,3.043474444,101.6019864,-98.5,6,-11,-82,12449.83333
 9:46:30,3.043566,101.60199,-102,2.166666667,-12.66666667,-82.66666667,14830.83333
 9:46:30,3.043814556,101.6019581,-98,-0.5,-13.5,-81,9456.1
 9:46:31,3.044113333,101.6018962,-102,-1.75,-14.5,-82,8387.85
 9:46:31,3.044320667,101.6018373,-103.6666667,-3.5,-14,-83,11468.8
 9:46:31,3.044433444,101.6018024,-98,-1.833333333,-10.5,-76,4840.8
 9:46:31,3.044538667,101.6017708,-92,5.5,-11,-67,7329.7
 9:46:32,3.04456,101.601761,-94.66666667,4.333333333,-10.66666667,-68.33333333,3009.633333
 9:46:32,3.044584,101.6017542,-92.5,0.75,-10,-67.5,2328.65
 9:46:32,3.044883111,101.6016622,-93.5,6.75,-10,-67.5,3460.75
 9:46:33,3.045117444,101.601599,-95.5,6,-11,-67,3362.1
 9:46:33,3.045368556,101.6015228,-95,6,-11,-66,3309.8
 9:46:33,3.045629778,101.601455,-95,9.5,-10.33333333,-67,5159.3
 9:46:33,3.045834444,101.6014197,-93,7.833333333,-12,-63.5,3542.8
 9:46:34,3.045889,101.6014077,-91,6.833333333,-10.66666667,-61.66666667,4106.6
 9:46:34,3.046207333,101.6013504,-89,6,-10,-60,10772.9
 9:46:34,3.046608444,101.6013047,-87.5,5.333333333,-10,-56.5,30241.05
 9:46:34,3.046927444,101.6012919,-88,3.5,-11.5,-56.5,15728.35
 9:46:35,3.047205667,101.6013003,-85,-0.833333333,-13,-53.66666667,9514.75
 9:46:35,3.047453889,101.6013291,-82.5,0.5,-11,-53.5,2206.1
 9:46:35,3.047663,101.601364,-84.66666667,10.33333333,-12,-52,4265.766667
 9:46:35,3.047663,101.601364,-73,9.375,-8.666666667,-46.66666667,9479.25
 9:46:36,3.048033667,101.6014406,-61,13,-9,-34,28237.5
 9:46:36,3.048180333,101.6014648,-66.5,14.5,-9,-38.5,30744.33333
 9:46:36,3.048282889,101.6014822,-74,11.25,-9.666666667,-47.33333333,23340.6
 9:46:36,3.048398222,101.6015073,-69,9.875,-9.5,-38.5,17818.2
 9:46:37,3.048548667,101.6015456,-66,11.75,-7.5,-39.5,23167
 9:46:37,3.048623,101.601563,-75.66666667,15.66666667,-7,-50.66666667,32285.36667
 9:46:37,3.048658667,101.6015612,-77.5,15.5,-6.5,-55,17945.4
 9:46:37,3.048760667,101.601555,-75.5,14.25,-7,-51.5,26005.6
 9:46:38,3.048769,101.601555,-74.5,15.25,-6.5,-50.5,17248.3
 9:46:38,3.048769,101.601555,-74.5,15.33333333,-6.5,-51,25162.4
 9:46:38,3.048769,101.601555,-75.5,14.75,-6.5,-51.5,21833.75
 9:46:38,3.048769,101.601555,-78.66666667,10.33333333,-8.666666667,-52.33333333,9844.6
 9:46:39,3.048769,101.601555,-76.5,9.25,-7.5,-50.5,13644.3
 9:46:39,3.048769,101.601555,-92.76,12.5,-10.3,-71.53,8243.733333
 9:46:39,3.048769,101.601555,-75,13.25,-6.5,-50,23868.8
 9:46:39,3.048769,101.601555,-75,12.75,-8,-50,4336.366667
 9:46:40,3.048769,101.601555,-75,9.5,-7.333333333,-50,6401.85
 9:46:40,3.048769,101.601555,-75,11.125,-7,-50,22538.96667
 9:46:40,3.048769,101.601555,-75,12,-7,-50,5499.75
 9:46:40,3.048769,101.601555,-92.76,13,-10.3,-71.53,10548.85
 9:46:41,3.048769,101.601555,-75,12.5,-7,-49.5,13979.13333
 9:46:41,3.048769,101.601555,-76,13.5,-6.666666667,-50.33333333,12545.65
 9:46:41,3.048769,101.601555,-74.5,12.33333333,-6.5,-50.5,7223.15
 9:46:41,3.048769,101.601555,-74.5,13.66666667,-6.5,-50,17793.7
 9:46:42,3.048769,101.601555,-92.76,13.5,-10.3,-71.53,13138.1
 9:46:42,3.048769,101.601555,-74.5,12.83333333,-6.5,-50,8230.8
 9:46:42,3.048769,101.601555,-74,12.75,-7,-50,6238.7
 9:46:42,3.048769,101.601555,-75,12.25,-6.333333333,-50,1163.65
 9:46:43,3.048769,101.601555,-74.5,11.875,-7,-50,3290.1
 9:46:43,3.048769,101.601555,-74,10.75,-6.5,-50,173.7
 9:46:43,3.048769,101.601555,-74.5,9.666666667,-7,-50,33.7
 9:46:43,3.048769,101.601555,-74.5,9.5,-7,-49.5,4875.15
 9:46:44,3.048769,101.601555,-74,10.25,-6.5,-50,13804.75
 9:46:44,3.048769,101.601555,-75,13.5,-6.333333333,-50,24846.7
 9:46:44,3.048769,101.601555,-75,13,-6.5,-51.5,36347.15
 9:46:45,3.048769,101.601555,-72.5,14.83333333,-7,-45,23802.9
 9:46:45,3.048808,101.6015837,-70.5,15.5,-6.5,-44,20889.25
 9:46:45,3.048901778,101.6016197,-76,13.5,-7,-51,22558.53333
 9:46:45,3.049049667,101.6016593,-75.33333333,12.5,-7,-50,24071.2
 9:46:45,3.049201667,101.6016903,-74,16.66666667,-6,-47.5,18352.33333
 9:46:46,3.049411333,101.6017361,-71.5,20.5,-6,-47,342.9
 9:46:46,3.049663889,101.6017878,-73.5,23,-6,-48.5,69256.7
 9:46:46,3.049846111,101.6018246,-73,25.25,-6.333333333,-49.66666667,49393.05
 9:46:46,3.050019667,101.6018957,-68,26.66666667,-5.5,-41.5,93005.15
 9:46:47,3.050219222,101.6019926,-72.5,27.5,-6,-47,51678.4
 9:46:47,3.050372556,101.6020544,-76,27.5,-6,-53,58491.95
 9:46:47,3.050675333,101.6021687,-74,27.5,-6,-51,71037.7
 9:46:47,3.050836889,101.6022329,-73.5,27.83333333,-6,-50,79382.05
 9:46:48,3.050947,101.6022754,-79.5,27.5,-6,-54.5,65185.55
 9:46:48,3.051071222,101.6023246,-85.5,24.25,-7,-61.5,32269.73333
 9:46:48,3.051165778,101.6023602,-82,23.5,-6.333333333,-58,44472.6
 9:46:48,3.051476333,101.6024862,-79,26.25,-6,-54,64439.7
 9:46:49,3.051742889,101.6025974,-80.5,25.75,-6,-58,60222.5
 9:46:49,3.052010667,101.6027132,-84.5,26,-6.5,-58.5,60947.5
 9:46:49,3.052302889,101.6028349,-88,24.25,-6.333333333,-61.66666667,54099.4
 9:46:49,3.052547556,101.60293,-94.5,19.66666667,-6.5,-70,20439.4
 9:46:50,3.052759444,101.6030146,-94,15.5,-7,-70,17974.7
 9:46:50,3.053205111,101.6031952,-97.5,10.75,-7,-72.5,10280.33333
 9:46:50,3.053470444,101.6032993,-100.3333333,9.5,-7.666666667,-75.33333333,13281.55
 9:46:50,3.053721333,101.6033978,-100.5,7,-8.5,-75,14881.85
 9:46:51,3.053960444,101.6034953,-101.5,5.5,-8,-75.5,10177.75
 9:46:51,3.054092,101.603546,-104.6666667,4,-9.333333333,-77,5685.933333
 9:46:51,3.054385556,101.6036631,-103,2,-10.5,-75.5,3697.6
 9:46:51,3.054695333,101.6037852,-102.5,0,-11,-75,1694.65
 9:46:52,3.054940444,101.6038871,-104,0.25,-11,-75.33333333,3026.1
 9:46:52,3.055199889,101.6039873,-104.3333333,-3.25,-11.33333333,-73.66666667,24793.89
 9:46:52,3.055354222,101.604052,-99.5,0.166666667,-10,-71,14634.1
 9:46:52,3.055572556,101.6041379,-98.5,7,-9.5,-70,21039.2
 9:46:53,3.055827778,101.6042369,-100,6.25,-10,-72,13942.93333
 9:46:53,3.056033667,101.6042966,-98,5.5,-10,-69,14444.55
 9:46:53,3.056250111,101.6043472,-97,7.5,-10,-68,24850.05
 9:46:53,3.056473111,101.6043908,-100.5,6.5,-11,-71,7278.533333
 9:46:54,3.056518,101.604401,-92.5,10.5,-8.75,-64.75,34085.3
 9:46:54,3.056854444,101.6044696,-99,10,-8,-71,27593.89
 9:46:55,3.057207778,101.6045476,-97.66666667,8.166666667,-8.666666667,-69,11359.1
 9:46:55,3.057417222,101.6045741,-98.5,5.75,-11,-68.5,15550.5
 9:46:55,3.057593889,101.6045963,-92.5,8.25,-10,-63,22390.63333
 9:46:56,3.057730111,101.6045873,-93.66666667,10,-9.666666667,-64,29422.9
 9:46:56,3.057745,101.604584,-96.66666667,6.833333333,-10.33333333,-68,21722.43333
 9:46:56,3.057881111,101.6043777,-99,6,-11,-69,12002.5
 9:46:56,3.057909889,101.6041638,-98.33333333,4.75,-11,-69.66666667,9659.4
 9:46:56,3.057915111,101.6039494,-96,4.5,-10.5,-67.5,23614
 9:46:56,3.057909333,101.6037384,-97.5,5,-11,-68.5,12229.73333
 9:46:57,3.057908778,101.6034723,-97,5,-10.5,-68,7647
 9:46:57,3.05791,101.603348,-97,6.666666667,-10.33333333,-69,14194.83333
 9:46:57,3.057913667,101.6032266,-97,8.25,-10,-68,9983.1
 9:46:57,3.057925667,101.6027596,-94.5,11.25,-10,-65.5,29336.8
 9:46:57,3.057927778,101.6025441,-92.66666667,11.75,-9.666666667,-65,31251.6
 9:46:58,3.057922111,101.6023408,-90,14.16666667,-9.5,-62.5,29973.6
 9:46:58,3.057925333,101.6021033,-86.5,16.5,-9,-60,47241.85
 9:46:58,3.057925,101.601944,-87.66666667,18.66666667,-9.333333333,-59.33333333,36507.3
 9:46:58,3.057926333,101.6019101,-88,18.5,-9.5,-61,54711.66667
 9:46:59,3.057922111,101.6013846,-85,18.5,-9.5,-57.5,53402.3
 9:46:59,3.057908222,101.6010132,-84.5,19,-9.5,-57,52316.95
 9:46:59,3.057906444,101.6007251,-87,18.75,-9.333333333,-58.66666667,45209.9
 9:46:59,3.057904556,101.6004669,-92,15.33333333,-10,-63.5,40055
 9:47:00,3.057899111,101.6001867,-81.5,12,-10,-52,34155.06667
 9:47:00,3.057896,101.600136,-88.75,10.5,-11.25,-59.5,25078.3
 9:47:00,3.057895444,101.6000622,-87,6.5,-11,-61,11858.15
 9:47:00,3.057894556,101.5995579,-87.5,10.5,-10,-59.5,48868.7
 9:47:01,3.057893556,101.5993698,-87,15,-9.5,-59.5,54936.76667
 9:47:01,3.057887444,101.5992373,-86.33333333,17,-9.666666667,-58,49975
 9:47:01,3.057874111,101.5991087,-86.5,16.5,-10,-58.5,52768.15
 9:47:01,3.057869,101.599007,-82.33333333,17.75,-10,-55.66666667,34984.13333
 9:47:02,3.057869,101.599007,-82,16.5,-10,-55,43709.53333
 9:47:02,3.057831778,101.5989509,-83,14.75,-10,-53,55164.7
 9:47:02,3.057583111,101.5988504,-79.5,16.5,-10,-50.5,52701.85
 9:47:02,3.057387222,101.5988531,-85,14.5,-10,-54.5,31138.5
 9:47:03,3.057170556,101.598846,-88.5,10,-10.5,-58.5,23512.3
 9:47:03,3.057038333,101.598846,-81,7.25,-9.333333333,-51.66666667,7827
 9:47:03,3.056879778,101.598846,-78.66666667,7.5,-8.666666667,-50,10436.9
 9:47:03,3.056823,101.598846,-81.66666667,10,-9.666666667,-50.33333333,27262.46667
 9:47:04,3.056770889,101.5988429,-79,10.5,-9,-48,24682.35
 9:47:04,3.056594333,101.598839,-86,9.25,-11,-55.5,26356.3
 9:47:04,3.056440333,101.598839,-85.66666667,7.5,-10.33333333,-55,9354.2
 9:47:04,3.056291667,101.598839,-85,8.75,-9,-55.5,13343.2
 9:47:05,3.056074111,101.5988321,-82.5,12.5,-9,-53.5,39667.66667
 9:47:05,3.055861778,101.598824,-85.33333333,14,-9.333333333,-55.66666667,21599.1
 9:47:05,3.055836,101.598824,-87,16.83333333,-9,-58.66666667,43328.13333
 9:47:05,3.055544444,101.5988287,-88,16.5,-9,-58,58323.7
 9:47:06,3.055124,101.5988222,-86,19.5,-9,-58,63297.73333
 9:47:06,3.054973333,101.598816,-85.66666667,20.75,-8.666666667,-58.66666667,56092
 9:47:06,3.054883778,101.598816,-86.5,20.16666667,-9,-60.5,52668.2
 9:47:06,3.054807556,101.598816,-85.5,19,-8.5,-59.5,31654.95
 9:47:07,3.054752,101.598816,-83,19.66666667,-8.333333333,-59.33333333,55643.8
 9:47:07,3.054703778,101.5988151,-85,19.5,-8.5,-58.5,42495.7
 9:47:07,3.054339889,101.5988151,-86,18.5,-8.5,-58.5,38944.05
 9:47:08,3.054213778,101.598824,-86.5,18.5,-9,-59.5,20526.6
 9:47:08,3.054082333,101.598824,-86.66666667,19,-9,-60.66666667,23325.75
 9:47:08,3.053901222,101.5988321,-90.5,17.16666667,-8.5,-61.5,39079.9
 9:47:09,3.053697,101.598839,-96.66666667,7.166666667,-9.333333333,-69,21811.85
 9:47:09,3.053697,101.598839,-92.33333333,6,-9,-74,11341.33333
 9:47:09,3.053367111,101.598839,-93,10.75,-10,-77,3981.2
 9:47:09,3.052923889,101.598839,-93.5,11.5,-9.5,-77,22212.25
 9:47:09,3.052701222,101.598839,-94.5,11.25,-9,-78,29522.56667
 9:47:09,3.052463111,101.5988444,-98.33333333,8.25,-10.33333333,-80.33333333,31701.95
 9:47:10,3.052204222,101.5988531,-94.5,8.5,-10,-77.5,13345.7
 9:47:10,3.052126,101.598854,-97,6.5,-9.666666667,-76,22090.3
 9:47:10,3.052058667,101.5988584,-99.5,5.5,-10,-70.5,17723.13333
 9:47:10,3.0517986,101.598869,-96.66666667,4,-10.33333333,-67.66666667,13344.7
 9:47:11,3.051527,101.598877,-93,3.625,-9,-71.5,16267.75
 9:47:11,3.051435,101.5988734,-91,7,-9.5,-75,23982.4
 9:47:11,3.051260556,101.598869,-95.5,5.625,-10,-79,17715.6
 9:47:11,3.051135222,101.5988761,-95.66666667,6.75,-8.333333333,-69.33333333,16517.65
 9:47:12,3.051076,101.598877,-92.5,6.125,-7.5,-72.5,15877.93333
 9:47:12,3.051068333,101.598877,-98,8.833333333,-9.666666667,-81.33333333,16511.45
 9:47:12,3.050708667,101.5988841,-97,7.5,-10,-81,10947.9
 9:47:12,3.050554333,101.598885,-92.5,9,-9.5,-77,16925.66667
 9:47:13,3.050435889,101.5988814,-96,8.25,-10,-79.5,5518.7
 9:47:13,3.050322556,101.5988626,-99,4.75,-11,-82,8819.7
 9:47:13,3.050213222,101.598854,-98,3.333333333,-12,-81.5,10648.1
 9:47:13,3.050154778,101.5988522,-92,2.5,-9,-76,17785.6
 9:47:14,3.049668333,101.5988398,-92,6.25,-9.5,-64.5,18498.7
 9:47:14,3.049363556,101.598839,-95.33333333,4.25,-12,-65,10038.7
 9:47:14,3.049145889,101.5988328,-97,-1.375,-12,-66,8546.6
 9:47:14,3.048866333,101.5988294,-99,0.5,-12,-80.5,5620.266667
 9:47:15,3.04859,101.598816,-94.33333333,1,-10,-73.66666667,10517.35
 9:47:15,3.048369222,101.5988124,-95,0.333333333,-13.5,-63.5,10208.1
 9:47:15,3.048026778,101.598808,-94.5,-2.333333333,-13,-70,2569.25
 9:47:15,3.047752556,101.5988018,-92.5,5,-10,-81.5,7008.3
 9:47:16,3.047558778,101.5987966,-94.5,3,-12.5,-77,7014.2
 9:47:16,3.047467,101.5987963,-94.66666667,6.25,-9.333333333,-79,13556.9
 9:47:16,3.047423,101.598808,-95.66666667,7.333333333,-10.66666667,-79,9786.4
 9:47:16,3.047283333,101.5989338,-95,5.75,-10,-78,11674.65
 9:47:17,3.047079889,101.599131,-96,5.75,-10.5,-79.5,19822.5
 9:47:17,3.046915889,101.5992897,-90.66666667,5.75,-11,-73.33333333,13110.9
 9:47:17,3.046716667,101.5994864,-89.5,6.833333333,-10,-72.5,24338.25
 9:47:17,3.046534889,101.5996607,-90,7,-10,-73,18978.86667
 9:47:18,3.046385222,101.5998078,-93,7,-10,-75,11935.1
 9:47:18,3.046176,101.6000113,-91,7.666666667,-10,-75,12033.4
 9:47:19,3.04609,101.6001587,-93.5,6.75,-10.5,-77.5,11901.8
 9:47:19,3.046035556,101.6003249,-87,6.25,-9,-72.33333333,12228.7
 9:47:19,3.045999111,101.6004391,-84.5,3.5,-9.5,-62,12984.25
 9:47:19,3.045957667,101.6005643,-84,4.333333333,-9.5,-55.5,23993.13333
 9:47:19,3.045890778,101.6007773,-88.5,6,-10.5,-59,18050.9
 9:47:20,3.045868444,101.6009529,-81.5,4.75,-11,-53,17634.1
 9:47:20,3.045903556,101.6010956,-83.33333333,3.25,-11.33333333,-56.66666667,11901.3
 9:47:20,3.04593,101.6011896,-93,-0.75,-11,-62,4173.15
 9:47:20,3.045975778,101.6012777,-93.66666667,4.75,-10.66666667,-63.33333333,2799.65
 9:47:20,3.046008222,101.6013167,-92,9.666666667,-10.5,-63.5,26483.89
 9:47:21,3.046066222,101.6013472,-92,8.833333333,-10.33333333,-64,1737.4
 9:47:21,3.046186,101.6013321,-91.5,8.5,-10.5,-63,9151
 9:47:21,3.046330444,101.6013099,-90.66666667,9.166666667,-10,-61.66666667,7802.5
 9:47:21,3.046493778,101.6012944,-87.5,7.5,-8.5,-59.5,12833.4
 9:47:21,3.046685778,101.6012809,-87.33333333,6.75,-10.33333333,-56.66666667,25096.2
 9:47:21,3.046934778,101.6012701,-86,4.25,-12,-54,11194.25
 9:47:21,3.047159778,101.6012659,-84,0.25,-11.66666667,-53,5817.4
 9:47:22,3.047378444,101.6012894,-84,9,-10.5,-55,6415.9
 9:47:22,3.047564889,101.6013193,-85,12.5,-11,-55.66666667,8044.75
 9:47:22,3.047751333,101.6013568,-86,10.83333333,-11.5,-55.5,9608
 9:47:22,3.047864444,101.6013779,-85.5,9,-11.5,-54.5,4472.366667
 9:47:22,3.048053,101.6014196,-75.66666667,9,-8,-49.33333333,3705
 9:47:22,3.048108778,101.6014309,-65.5,9.666666667,-8.5,-38,31236.05
 9:47:23,3.048174222,101.6014436,-61.5,15,-9,-32,45793.06667
 9:47:23,3.048232556,101.6014577,-67.5,16.5,-9.5,-39,30179.5
 9:47:23,3.04834,101.601481,-72.66666667,12.83333333,-10,-46,29540.2
 9:47:23,3.048379444,101.6014894,-69,9.166666667,-9,-40,28066.95
 9:47:24,3.048602,101.6015329,-65.66666667,11.25,-7.333333333,-39,13562.25
 9:47:24,3.048773111,101.6015738,-75.5,14.5,-7.5,-50,9183.45
 9:47:24,3.048992222,101.6016244,-76,12.33333333,-6,-52,25593.89
 9:47:24,3.049215333,101.6016744,-75,15.83333333,-7,-51,23037.65
 9:47:25,3.049369444,101.6017093,-74,19.5,-6.5,-49,29805.96667
 9:47:25,3.049661333,101.6017613,-73,23,-7,-50,25833.8
 9:47:25,3.049797333,101.60176,-76,24.75,-7,-51.5,46807.15
 9:47:25,3.049886778,101.6017081,-74.5,25.33333333,-6.5,-50.5,36867.25
 9:47:26,3.049952778,101.6015948,-75,24,-6.5,-49,12529.7
 9:47:26,3.049983,101.601517,-73.66666667,26.66666667,-6.333333333,-47.33333333,52606.93333
 9:47:26,3.050053,101.6013353,-77,26,-7,-50.5,47252.9
 9:47:26,3.050159,101.6010676,-77.5,25.25,-7,-52.5,44486.06667
 9:47:27,3.050240667,101.6008546,-81,23,-7,-56.5,34968.2
 9:47:27,3.050350444,101.6005698,-83.33333333,19,-7,-58.33333333,30814.45
 9:47:27,3.050419667,101.6003658,-86,14.33333333,-7.5,-61,19750.86667
 9:47:27,3.050455111,101.6002274,-82,12.5,-7,-57,14280.6
 9:47:28,3.050518111,101.5998247,-85.5,13.75,-7.5,-59,9740.5
 9:47:28,3.050511667,101.5996147,-93.33333333,8.333333333,-9,-65.66666667,6243.3
 9:47:28,3.050513444,101.599361,-92,5.75,-8.5,-65,6374.7
 9:47:28,3.050517444,101.5991398,-98.5,4.25,-9.5,-70.5,4508
 9:47:29,3.050516,101.599091,-97.33333333,1,-11,-71.66666667,2370
 9:47:29,3.050497889,101.5989526,-99,3.5,-11,-82,4870.9
 9:47:29,3.050518444,101.5987971,-97,5.75,-10.5,-82.5,6477.05
 9:47:29,3.0506,101.5987733,-96.66666667,7.25,-10,-80.66666667,12309.1
 9:47:30,3.050739667,101.5987921,-99,7,-10.5,-81,14102.8
 9:47:30,3.050898556,101.5988072,-95.66666667,6,-10,-79.66666667,10677.53333
 9:47:30,3.050995778,101.5988089,-100,3,-12,-81.5,598.1
 9:47:30,3.051352111,101.5988089,-97.66666667,0.25,-11.66666667,-71.33333333,11303.3
 9:47:31,3.051510778,101.598808,-93.5,-2.5,-9.5,-71,19860.05
 9:47:31,3.051664,101.5988107,-92,4,-10,-76.5,13511
 9:47:31,3.051771111,101.5988089,-97,3.25,-12,-79.5,14272.6
 9:47:32,3.051843,101.598808,-99,4.75,-10.33333333,-81.33333333,9835.7
 9:47:32,3.051901,101.5988098,-98,5.25,-10,-75,15772.45
 9:47:32,3.052102,101.5988116,-95,5,-7,-69,19037.1
 9:47:32,3.052312889,101.598808,-91.33333333,9.5,-9,-75.33333333,29682.8
 9:47:32,3.052549333,101.5988142,-97.5,8.5,-11,-80.5,15351.65
 9:47:33,3.052773333,101.5988142,-90.5,10.25,-9,-73.5,40082.46667
 9:47:33,3.052994,101.598816,-92.33333333,12.16666667,-9.666666667,-76.66666667,21051.1
 9:47:33,3.053240222,101.5988196,-94,10.5,-10,-78.5,23135.1
 9:47:33,3.053553667,101.5988279,-98,4.375,-10,-83,15907.6
 9:47:34,3.053792778,101.598831,-92.33333333,7.5,-9.666666667,-65,34364
 9:47:34,3.054004556,101.5988287,-89.5,13.33333333,-9.5,-61,32640.2
 9:47:34,3.054105,101.598824,-88,15,-9.5,-61.5,38365.06667
 9:47:34,3.054195,101.598816,-88.66666667,15,-9.666666667,-61.66666667,39730.85
 9:47:35,3.054334,101.598816,-90,15,-10,-62,37033.45
 9:47:35,3.054610444,101.5988222,-87,16.16666667,-10,-62,46530.1
 9:47:35,3.054746,101.5988169,-88.5,18.5,-9,-62,55193.1
 9:47:35,3.054829333,101.5988151,-89.5,18.5,-9,-62.5,52287.5
 9:47:36,3.054892667,101.598808,-89,18.5,-9.666666667,-60.66666667,11112.35
 9:47:36,3.055012778,101.5988041,-86,19.5,-9.5,-60.5,10852.75
 9:47:36,3.055260444,101.5987939,-87.5,20.5,-10,-61,11160.23333
 9:47:36,3.055572667,101.5987842,-88.5,19.25,-9.5,-61.5,8800.65
 9:47:37,3.05582,101.598778,-86.66666667,17.66666667,-10,-59.33333333,4673.8
 9:47:37,3.056116889,101.5987654,-87,16.5,-10,-58,7820.95
 9:47:37,3.05624,101.598763,-88.33333333,12,-11,-59,31764.43333
 9:47:37,3.056471889,101.5987559,-89,9,-11,-59.5,19317.9
 9:47:38,3.056652222,101.598755,-84,8.333333333,-10,-56.5,9792.85
 9:47:38,3.056723333,101.598755,-85.5,9.25,-9.5,-57.5,52721.75
 9:47:38,3.056813333,101.5987568,-80,7.5,-9,-53,23893.7
 9:47:38,3.056908111,101.598763,-82.5,11.5,-10,-53.5,39454.16667
 9:47:39,3.056969889,101.5987638,-84,7.5,-10,-54.5,31092.25
 9:47:39,3.057305889,101.5987744,-88,9.25,-11,-59,31077.7
 9:47:39,3.057501,101.598778,-84.66666667,10.5,-10.33333333,-57,36387.8
 9:47:39,3.057685111,101.5987827,-82,15.75,-10,-54.5,50335.25
 9:47:40,3.057771556,101.5987644,-80.5,16,-10,-53,49298.93333
 9:47:40,3.057797556,101.5987541,-80.33333333,15.66666667,-10,-52.33333333,51826.9
 9:47:40,3.057809111,101.5987368,-80.5,15.5,-10,-53.5,58163.55
 9:47:40,3.057833333,101.5986557,-80.5,17.33333333,-9.5,-52.5,34347.45
 9:47:41,3.057854444,101.5984892,-79,18,-10,-50.5,84342.53333
 9:47:41,3.057865444,101.5982961,-80.5,17,-9.5,-52,41781.05
 9:47:41,3.057857,101.5980177,-82.33333333,8.833333333,-10.66666667,-53.66666667,20976.45
 9:47:41,3.057852444,101.5977938,-80.5,9.25,-10,-51.5,57400.8
 9:47:42,3.057851333,101.5974039,-80,10.75,-10,-50.5,33345.06667
 9:47:43,3.057852444,101.5970262,-83,8.5,-10,-54,30833.6
 9:47:43,3.057851556,101.5967111,-82.66666667,7.25,-10.33333333,-54.66666667,22036.3
 9:47:43,3.057848556,101.5963974,-86,5.166666667,-11,-56.5,16108
 9:47:43,3.057847,101.596275,-86.33333333,2,-11,-58.33333333,18627.95
 9:47:43,3.057844889,101.5960462,-86.5,1.75,-11,-60,11324.2
 9:47:43,3.057844556,101.5955878,-90,2,-11,-60.5,1254.15
 9:47:44,3.057838778,101.5953233,-86.33333333,6.75,-10,-56.33333333,7175.4
 9:47:44,3.057832222,101.5951392,-80,4.25,-9,-52,6066.8
 9:47:44,3.057817556,101.5948697,-78,5.5,-9.5,-53,12049.36667
 9:47:44,3.057815,101.594757,-78.33333333,5.666666667,-10.66666667,-54,20898.4
 9:47:44,3.057815,101.594757,-82,-1.75,-11,-54,9518.6
 9:47:45,3.057797,101.5945206,-79,2.5,-10,-53,16772.7
 9:47:45,3.057736556,101.5943466,-79.5,5.166666667,-10,-54.5,25415.4
 9:47:45,3.057659778,101.5942846,-80.5,7,-9.5,-53,8370.7
 9:47:45,3.057507,101.5942556,-85.33333333,4.666666667,-11,-57.66666667,454.9
 9:47:46,3.057401556,101.594261,-87,2.666666667,-12.5,-60,15611.03333
 9:47:46,3.05726,101.594261,-91,-1.166666667,-12,-61.66666667,6050.55
 9:47:46,3.05726,101.594261,-90.33333333,0.875,-10.33333333,-60.66666667,12356.3
 9:47:46,3.056976333,101.5942696,-90,6.5,-9,-61,21850.6
 9:47:47,3.056331667,101.5942893,-90.5,9,-10,-60.5,4217.066667
 9:47:47,3.055939444,101.594292,-96,9.75,-11.33333333,-65.33333333,766.45
 9:47:47,3.055767778,101.594292,-97,6.125,-10,-69,2231.9
 9:47:47,3.055369111,101.5942813,-97.66666667,3,-11,-80,10383.25
 9:47:48,3.055162,101.5942713,-95.5,1.25,-10,-72,8885
 9:47:48,3.05511,101.594269,-97.66666667,3.5,-11.66666667,-67.66666667,17100.36667
 9:47:48,3.054755667,101.5942562,-98,5.5,-11,-68,12856.95
 9:47:48,3.054155111,101.594246,-96.33333333,4.5,-10.66666667,-66.66666667,18382.6
 9:47:49,3.053712556,101.594238,-90,9.75,-9.5,-62.5,31442.85
 9:47:49,3.053354333,101.594238,-90,12,-10,-61,32826.03333
 9:47:49,3.053082,101.5942326,-86,13,-9.666666667,-57,16899.05
 9:47:49,3.052968,101.594231,-82.66666667,16.5,-9,-53.33333333,41230.2
 9:47:50,3.052734778,101.5942301,-85,17.25,-9,-56,31379
 9:47:50,3.052294778,101.594223,-83.66666667,16.75,-9,-54.66666667,23258.4
 9:47:50,3.052080667,101.5942292,-84.5,14.83333333,-9.5,-54.5,7632.85
 9:47:50,3.051805889,101.5942318,-82,15,-9,-53,14718.4
 9:47:51,3.051511222,101.5942341,-86,13,-9,-57,33303.7
 9:47:51,3.051376,101.594231,-88.66666667,9.666666667,-9.666666667,-59.66666667,7930.166667
 9:47:51,3.051096222,101.5942349,-88.5,8,-10,-59.5,14299.9
 9:47:51,3.050759444,101.594238,-86,6.5,-9,-57,12046.65
 9:47:52,3.050627667,101.5942441,-82,10,-10,-66.5,22396.7
 9:47:52,3.050565444,101.5942761,-77.33333333,12.5,-9.333333333,-60.66666667,34117.3
 9:47:53,3.050567667,101.5943551,-79.5,12,-9.5,-63.5,27947.6
 9:47:53,3.050573444,101.5944673,-76.33333333,10.25,-9.333333333,-60.66666667,37013.2
 9:47:53,3.050574889,101.5946114,-67,15.25,-8,-51,51208.55
 9:47:53,3.050573333,101.594964,-71.66666667,18.75,-9,-56,51563.95
 9:47:54,3.050573778,101.5952073,-76,13.5,-8.5,-60,34361.35
 9:47:54,3.050571556,101.5954276,-68.5,13.75,-8,-52.5,43927.45
 9:47:54,3.050572111,101.5957663,-68,24,-6.75,-57.5,24793.89
 9:47:55,3.050572222,101.595969,-74,23.83333333,-9,-57.5,55359.66667
 9:47:55,3.050572778,101.596489,-76.5,23.25,-9.5,-59.5,62937.8
 9:47:55,3.050574556,101.5968033,-78.5,20.75,-9,-66.5,41653
 9:47:56,3.050575556,101.5972162,-79.5,18.5,-9,-69,68203.65
 9:47:56,3.050572111,101.5975039,-79.66666667,20.25,-9.333333333,-69.66666667,68872.35
 9:47:56,3.050567222,101.5977804,-88,17.66666667,-10,-73,27718.06667
 9:47:56,3.050562667,101.5980562,-90,12.75,-9.5,-75,9967.1
 9:47:56,3.050559556,101.5983274,-95.66666667,11,-10,-79.33333333,19210.25
 9:47:56,3.050561889,101.5985254,-98.5,8.5,-10.5,-82.5,28814.05
 9:47:57,3.050578333,101.5986626,-99.5,7.25,-10.5,-83.5,19250.8
 9:47:57,3.050592778,101.598777,-99.33333333,4.5,-11.33333333,-82.66666667,23633.45
 9:47:57,3.050573222,101.5988193,-95.5,4.5,-10.5,-78.5,22946.25
 9:47:57,3.050523333,101.5988371,-97.5,5.666666667,-10.5,-80,19884.55
 9:47:57,3.050509778,101.5987471,-96.5,6.5,-10.5,-81.5,24707.23333
 9:47:57,3.050523889,101.5985978,-95,8,-10,-80,26657.9
 9:47:58,3.050528778,101.5984053,-95,8,-10,-80,29060.45
 9:47:58,3.050530111,101.5982613,-93,8.166666667,-10,-78,27373.63333
 9:47:58,3.050540556,101.5978792,-88.5,9.5,-10,-74,32505.25
 9:47:58,3.050541333,101.5976241,-85.5,10.5,-9.5,-71,36729
 9:47:59,3.050543778,101.5972981,-82.66666667,14.25,-9.333333333,-69.66666667,49634.3
 9:47:59,3.050544111,101.5970042,-84.5,16.33333333,-9,-70,49324.8
 9:47:59,3.050540111,101.5967111,-81,15.25,-9,-65.33333333,57629.76667
 9:47:59,3.050539,101.596478,-77,19.25,-9,-60,62442.95
 9:48:00,3.050539333,101.5960033,-74,20.16666667,-9.333333333,-59.33333333,71204.4
 9:48:00,3.050543667,101.5956471,-71.5,22.75,-8.5,-57,77785.35
 9:48:01,3.050547222,101.5953338,-68,23.5,-8.5,-53,50540.43333
 9:48:01,3.050549111,101.5950997,-78,15.5,-9.333333333,-62.66666667,17571
 9:48:01,3.050548,101.594978,-69.33333333,15.83333333,-8.666666667,-53.33333333,48977.3
 9:48:01,3.050548,101.5947046,-77,14,-10,-59,37245.2
 9:48:02,3.050544333,101.5944357,-80,13,-9,-64,29817.8
 9:48:02,3.050534333,101.5943034,-83.33333333,8.25,-11.33333333,-64.66666667,15036.95
 9:48:02,3.050507333,101.5942563,-88,5.833333333,-11,-70,20796.8
 9:48:02,3.050402444,101.5942274,-88.5,5.5,-11,-71,19351.1
 9:48:02,3.050276889,101.594223,-90,7.75,-10.5,-72,5102.95
 9:48:02,3.050011889,101.594223,-90.66666667,3,-11.66666667,-72.66666667,11444.5
 9:48:02,3.049764444,101.5942159,-90.5,4.75,-9.5,-72,19569.15
 9:48:02,3.049438556,101.594215,-93,6.25,-10.66666667,-75.33333333,19920.95
 9:48:02,3.049141889,101.594215,-87.5,10.5,-9.5,-70,22382.25
 9:48:03,3.048904556,101.594215,-88.33333333,12,-10,-72,32990
 9:48:03,3.048484778,101.594215,-84,7.875,-9,-69,28808.6
 9:48:03,3.048163556,101.594215,-93,6,-8.5,-65.5,11920.4
 9:48:03,3.047869667,101.594215,-90.33333333,9.5,-8.666666667,-70.66666667,33759.35
 9:48:04,3.047448778,101.5942142,-86,14.5,-9,-69,33403.25
 9:48:04,3.047013111,101.594215,-89.5,13.5,-9,-75,49833.63333
 9:48:04,3.046888,101.594215,-93.66666667,13.5,-9.666666667,-79,27465.23333
 9:48:04,3.046216778,101.5942127,-98,12,-10,-82.5,4387.6
 9:48:05,3.045783333,101.5942127,-98.5,10.5,-10,-82,23733.25
 9:48:05,3.045338222,101.5942088,-98,11,-10,-83,19814.56667
 9:48:05,3.044978667,101.5942101,-99.33333333,8.25,-10,-83.33333333,13591.3
 9:48:05,3.044771,101.5942,-98.66666667,6,-10,-82.66666667,17676.36667
 9:48:06,3.044537,101.5941969,-101,4.5,-10,-88,19110
 9:48:06,3.044084,101.5941886,-103,4.25,-10.5,-88.5,10797.75
 9:48:06,3.043936,101.594185,-107,1.833333333,-11.66666667,-89.66666667,11776.75
 9:48:06,3.043801778,101.594185,-108,1.5,-12,-90,10227.15
 9:48:07,3.04374,101.594185,-107.5,-0.5,-13,-88.5,6672.2
 9:48:07,3.043709,101.594185,-101.6666667,-2.75,-10,-83,14374.8
 9:48:07,3.043709,101.594185,-100.6666667,3,-10.66666667,-83.66666667,14332.26667
 9:48:08,3.043571444,101.5941868,-94,4.5,-10,-83,22451.3
 9:48:09,3.043282222,101.5941603,-97.33333333,5.75,-10.66666667,-81,17465.8
 9:48:09,3.043192222,101.594067,-97.5,3.375,-11,-82,14982.6
 9:48:09,3.043163111,101.5939611,-100,-0.5,-13,-83,1683.05
 9:48:09,3.043147667,101.593778,-98,-1.5,-11.33333333,-82,4746.95
 9:48:09,3.043134,101.593613,-96.66666667,3,-9.666666667,-82.33333333,8040.166667
 9:48:10,3.043133,101.5935977,-98,5.166666667,-10,-82.5,6575
 9:48:10,3.043095556,101.5930922,-100,2,-12,-83,1761.2
 9:48:10,3.043067333,101.592542,-95.66666667,3.333333333,-10.33333333,-81.33333333,6642.95
 9:48:11,3.043060444,101.5922318,-99.5,3.5,-10,-83,7326.05
 9:48:11,3.043054444,101.5918313,-98,3.5,-10,-84,11281.43333
 9:48:11,3.043051111,101.5915069,-100,4,-10.33333333,-83.33333333,11851.3
 9:48:11,3.04305,101.59137,-101.6666667,2,-11,-84,5843.333333
 9:48:11,3.043049333,101.591319,-98,0.5,-10.5,-81.5,7532.1
 9:48:11,3.043035889,101.5905413,-99,1,-10,-83,13727.75
 9:48:12,3.043033,101.5901794,-98.66666667,2.5,-10.66666667,-83.33333333,11614.75
 9:48:12,3.043034778,101.5898637,-100.5,2,-11,-84.5,9462.05
 9:48:12,3.043033,101.5895071,-98.5,2.5,-10.5,-81,8294.7
 9:48:12,3.043032778,101.5893028,-96.66666667,3.5,-10.33333333,-82,8589.9
 9:48:12,3.043033,101.589279,-98.66666667,2.5,-10.66666667,-83.33333333,7156.266667
 9:48:12,3.043031889,101.5891588,-98,4,-10,-82,8118.5
 9:48:13,3.043034889,101.5888637,-99.5,1.75,-11,-81.5,8429
 9:48:13,3.043036556,101.5887699,-99,1.25,-11,-82.33333333,8571
 9:48:13,3.043037778,101.5886919,-97,3.833333333,-10,-79.5,11835.4
 9:48:13,3.043039889,101.5886322,-97,5.75,-9.5,-80.5,22628
 9:48:14,3.043041,101.588608,-99,6.333333333,-10.33333333,-80.66666667,23212.7
 9:48:14,3.043041,101.588608,-99,6.25,-11,-81,23595.03333
 9:48:14,3.043041,101.588608,-99.5,5.25,-10.5,-81.5,19520.8
 9:48:14,3.043041,101.588608,-99.5,6,-10.5,-81,23519.45
 9:48:15,3.043041,101.588608,-100,6.5,-10,-82,20804.26667
 9:48:15,3.043041,101.588608,-99.66666667,6,-10.33333333,-81.33333333,15314.35
 9:48:15,3.043041,101.588608,-98.5,6.166666667,-10,-80.5,24026.26667
 9:48:15,3.043041,101.588608,-99,8,-10,-81,27610.73333
 9:48:16,3.043041,101.588608,-100,7.5,-11,-81,26079.9
 9:48:16,3.043041,101.588608,-99.5,6.25,-11,-80.5,20779.85
 9:48:16,3.043041,101.588608,-100,5.5,-11,-81,24675.85
 9:48:16,3.043041,101.588608,-99.5,5.5,-10.5,-81,22912.95
 9:48:17,3.043041,101.588608,-99,4.25,-11,-80,20726.76667
 9:48:17,3.043041,101.588608,-99.66666667,3.833333333,-11,-81,16534.63333
 9:48:17,3.043041,101.588608,-100,3.75,-11,-81,25516.5
 9:48:17,3.043041,101.588608,-99,4.25,-11,-80.5,18779.46667
 9:48:18,3.043041,101.588608,-99,4.5,-11,-80,24985.4
 9:48:18,3.043041,101.588608,-99.66666667,4.25,-11,-80.66666667,19704.5
 9:48:18,3.043041,101.588608,-99,5.666666667,-10.5,-80,23116.45
 9:48:18,3.043041,101.588608,-99,5,-11,-80,22729.1
 9:48:19,3.043041,101.588608,-99.5,5.166666667,-10.5,-81.5,19405.33333
 9:48:19,3.043041,101.588608,-97,4,-10.5,-80,12772.4
 9:48:20,3.043042333,101.5885671,-98,4.333333333,-11,-81.5,15013.9
 9:48:20,3.043044444,101.5884636,-98,4.75,-10,-81,21252
 9:48:20,3.043039889,101.5883543,-97,5.25,-10.5,-82.5,18509.25
 9:48:20,3.043040556,101.5882673,-98.33333333,3.75,-11.33333333,-81,15619.05
 9:48:21,3.043043,101.588242,-93.66666667,4.666666667,-9.666666667,-77.66666667,18827.66667
 9:48:21,3.043044667,101.5882369,-94.5,8.5,-9,-78.5,20002.9
 9:48:21,3.043266333,101.588117,-92,10.5,-9,-78,27387.4
 9:48:22,3.043462889,101.588104,-94,11.66666667,-9.666666667,-78.66666667,37240.7
 9:48:22,3.043723,101.5881032,-98,10.25,-10,-82.5,26239
 9:48:22,3.043984111,101.5880883,-97.5,5.75,-11,-81,12603.26667
 9:48:22,3.044198,101.5880678,-98,2.333333333,-11.66666667,-79.66666667,5626.25
 9:48:22,3.044339,101.5880616,-100.5,1,-13,-82,10779.35
 9:48:23,3.044893222,101.588096,-101,0.5,-11,-83,8518.95
 9:48:23,3.045103444,101.5881442,-103.5,-3,-13.5,-84.5,5202.8
 9:48:23,3.045363,101.5882289,-101,-2.75,-13.66666667,-74.33333333,5066.85
 9:48:24,3.045597444,101.588328,-100.5,-3.5,-13.5,-69,5816.25
 9:48:24,3.045815222,101.5884482,-98.33333333,-1.75,-13,-68.33333333,8123.5
 9:48:24,3.045930667,101.588528,-99,-1.75,-12,-67,13356.9
 9:48:24,3.046179333,101.588702,-97,-0.5,-14.33333333,-64.66666667,2906.25
 9:48:24,3.046293333,101.5887926,-97,-5.25,-15.5,-63.5,6186.65
 9:48:24,3.046364889,101.5888486,-96,-4.25,-16,-61,7448.866667
 9:48:24,3.046403889,101.5888722,-94,-4.25,-13.5,-61,7086.75
 9:48:24,3.046419556,101.5888829,-94.33333333,-5.166666667,-16.33333333,-58.66666667,5405
 9:48:25,3.046424,101.58889,-93.5,-5.5,-14,-60.5,9488
 9:48:25,3.046424,101.58889,-93.5,-6.25,-15.5,-59,8507.85
 9:48:25,3.046424,101.58889,-93.5,-3.25,-12.5,-61.5,10870.06667
 9:48:25,3.046424,101.58889,-93,-2.75,-13.33333333,-61,12994.15
 9:48:26,3.046424,101.58889,-93,-3.5,-15.5,-59,4590.366667
 9:48:26,3.046424,101.58889,-93.5,-5,-14.5,-59.5,3428.1
 9:48:26,3.046424,101.58889,-93,-3,-14.5,-60,7937.966667
 9:48:26,3.046424,101.58889,-94.33333333,-2.666666667,-13.33333333,-61.66666667,12756.4
 9:48:26,3.046424,101.58889,-92.66666667,-1,-12,-61.66666667,4369.6
 9:48:26,3.046424,101.58889,-92.33333333,-1,-12.66666667,-60.33333333,8541.15
 9:48:27,3.046424,101.58889,-93,-3,-15,-59,10992.4
 9:48:27,3.046424,101.58889,-94.33333333,-3.25,-15.66666667,-59.33333333,7168.25
 9:48:27,3.046424,101.58889,-94.5,-6.333333333,-16.5,-59,7095.05
 9:48:27,3.046424,101.58889,-94,-7,-16,-58.5,7464.166667
 9:48:28,3.046424,101.58889,-93,-7,-15,-59,7693.7
 9:48:28,3.046424,101.58889,-93.5,-5,-13.5,-61,12236.9
 9:48:28,3.046424,101.58889,-94.5,-4.5,-15,-60,7146.4
 9:48:28,3.046424,101.58889,-94,-3.75,-13.5,-61,8802.366667
 9:48:29,3.046424,101.58889,-94,-3,-13,-61.5,8025.7
 9:48:29,3.046424,101.58889,-94.33333333,-3.75,-15.66666667,-60,7411.9
 9:48:30,3.046424,101.58889,-94,-4.5,-13.5,-61.5,8073.2
 9:48:30,3.046424,101.58889,-94.5,-1.75,-13.5,-61,6071.25
 9:48:30,3.046424,101.58889,-94,-2.5,-14,-60,6413.75
 9:48:30,3.046424,101.58889,-94,-3.5,-13.66666667,-61,4132.9
 9:48:30,3.046424,101.58889,-94,-4,-13,-61,5734.6
 9:48:30,3.046424,101.58889,-93,-2.333333333,-12.33333333,-61,4939.8
 9:48:31,3.046424,101.58889,-93.5,-1,-12.5,-61.5,3232.65
 9:48:32,3.046424,101.58889,-94,-3.833333333,-15,-59.5,5377.15
 9:48:32,3.046424,101.58889,-93,-3.25,-13.5,-59.5,3338.3
 9:48:32,3.046473778,101.5889256,-95,-6,-18.33333333,-57.33333333,1381.05
 9:48:32,3.046577222,101.5890098,-96.5,-10.33333333,-19,-57,681.7666667
 9:48:32,3.046647333,101.5890657,-97.5,-9.5,-19,-59.5,1765.45
 9:48:32,3.046870444,101.5892402,-97,-9.75,-18,-59.5,1374.75
 9:48:32,3.046995333,101.5893247,-97.33333333,-8.833333333,-17,-60.33333333,3307.05
 9:48:32,3.047174556,101.5894564,-96,-7,-15.5,-61,2760.25
 9:48:32,3.047353667,101.5896004,-99.5,-8,-17.5,-64,2789.533333
 9:48:33,3.047431,101.5896653,-96.66666667,-6.333333333,-13.33333333,-65,3013.6
 9:48:33,3.047599111,101.5898062,-90,-5.166666667,-10.5,-67.5,9124.3
 9:48:33,3.047822667,101.5900028,-96,0.75,-12,-79.5,12216.2
 9:48:33,3.048019,101.5901836,-95.5,4.75,-10.5,-80.5,16647.75
 9:48:34,3.048232667,101.5903616,-97.66666667,3.333333333,-12,-79.66666667,380.6
 9:48:34,3.048428,101.590523,-97,4.166666667,-10.66666667,-81,14630.6
 9:48:35,3.048599889,101.5906702,-94.5,8.5,-9,-78,32203.7
 9:48:35,3.048882333,101.5909239,-95,8.333333333,-10,-79,19996.25
 9:48:35,3.049106111,101.5911372,-98.5,5.25,-11.5,-80,15137.1
 9:48:36,3.049319667,101.5913282,-96.66666667,4.5,-10.33333333,-80.66666667,21073.25
 9:48:36,3.049460889,101.5914299,-92,4.25,-11,-80,8650.8
 9:48:36,3.049686889,101.5915754,-95.66666667,0.5,-10.33333333,-67.33333333,4498.65
 9:48:36,3.049817556,101.5916331,-93.5,0.5,-10.5,-76,17849.5
 9:48:36,3.050168333,101.591761,-90.5,6,-10,-74,25867.25
 9:48:37,3.050487,101.5918241,-87,11.75,-9,-72,37049.2
 9:48:37,3.050792222,101.59185,-84.33333333,12.25,-9.333333333,-67.66666667,28506.65
 9:48:37,3.051097778,101.5918518,-84.5,11.75,-9.5,-68,35904.35
 9:48:37,3.051312556,101.5918518,-83,11.83333333,-9.5,-67.5,36433.8
 9:48:38,3.051733444,101.591858,-85,7.75,-9.5,-70,21745.86667
 9:48:38,3.052038333,101.591851,-91.5,6.75,-10,-73.5,26973.05
 9:48:38,3.052398778,101.5918412,-88.33333333,7.5,-9.666666667,-71,37596
 9:48:39,3.052704333,101.591835,-81,11.66666667,-9,-63.5,32054.2
 9:48:39,3.052873,101.591835,-79.33333333,14,-9,-62.66666667,42535.66667
 9:48:39,3.053231,101.5918359,-76,14,-8,-61,48196.8
 9:48:39,3.053731778,101.5918297,-83,13.5,-9.333333333,-67.66666667,16141.25
 9:48:39,3.053966444,101.5918341,-87.5,7.333333333,-10.5,-71,22693.1
 9:48:39,3.054155,101.5918446,-85.66666667,1.5,-12,-65,3108.4
 9:48:39,3.054353556,101.59185,-93,2.666666667,-14,-62,2851.1
 9:48:39,3.05445,101.59185,-93,-1.5,-12,-63.33333333,16324.2
 9:48:40,3.054692222,101.5918518,-89,3,-10,-61.5,10519.95
 9:48:40,3.055122,101.5918607,-84,13.16666667,-9,-57,32254.45
 9:48:40,3.055392,101.591866,-85,20.75,-9.5,-58,5353.3
 9:48:40,3.055737222,101.5918536,-83,21.75,-9,-55.66666667,19262.8
 9:48:41,3.056025444,101.5918384,-80.5,20.66666667,-9,-55.5,21963.25
 9:48:41,3.056199778,101.5918238,-88,17.75,-9.5,-60.5,24507.8
 9:48:41,3.056497889,101.5917216,-86.5,17.75,-9.5,-58,34180.53333
 9:48:41,3.056582889,101.5915864,-82.5,18,-9,-56.5,36900.85
 9:48:42,3.056595556,101.5914168,-86.66666667,19.25,-9.666666667,-59,20812.25
 9:48:42,3.056597,101.591221,-87.5,20.5,-10,-61,23732.5
 9:48:42,3.056601667,101.591067,-90.66666667,18.25,-9.666666667,-62,9366
 9:48:42,3.056610778,101.5906264,-94,15.25,-10,-66,26123.55
 9:48:43,3.056618,101.5902364,-95,15.75,-10,-66.66666667,22141.7
 9:48:43,3.056626667,101.589872,-95,12.33333333,-10,-67.5,18196.35
 9:48:43,3.056635,101.5895369,-94,10,-10.5,-65,10487.05
 9:48:43,3.05664,101.589264,-97.33333333,6.5,-10.66666667,-68,5416.366667
 9:48:44,3.056645667,101.5888791,-102.5,3.5,-11.5,-72.5,1076.2
 9:48:44,3.056651444,101.58848,-101,0.5,-10,-73,248.7
 9:48:44,3.056654,101.5880772,-103.6666667,-0.166666667,-12.66666667,-85.33333333,3304.2
 9:48:44,3.056659778,101.5876872,-103,1.25,-12.5,-84,7574.766667
 9:48:45,3.056653667,101.5873304,-104,1,-13,-84.33333333,15540.6
 9:48:45,3.056649111,101.5870991,-104,0.833333333,-13,-85,7763.55
 9:48:45,3.056634667,101.5865004,-104.6666667,-3,-13.33333333,-85.33333333,2060.4
 9:48:45,3.056630667,101.586291,-100,-4.5,-10,-79,512.5
 9:48:45,3.056630667,101.5860128,-99.5,0,-10,-70.5,22029.75
 9:48:45,3.056628222,101.5857872,-102,-0.25,-11,-73,3412.35
 9:48:46,3.056629,101.585648,-103.6666667,-1.833333333,-11,-74,18141.4
 9:48:46,3.056629889,101.5855314,-104,-2.25,-11,-74,13524.7
 9:48:46,3.056631222,101.5853984,-104.5,-2.5,-11,-74.5,13434.6
 9:48:46,3.056634,101.585388,-106.3333333,-3.125,-12.66666667,-74.66666667,5787.8
 9:48:46,3.056634,101.585388,-104.5,-3,-11,-80.5,8298
 9:48:47,3.056634,101.585388,-105,-0.75,-12,-86,7166
 9:48:47,3.056634,101.585388,-105,-0.833333333,-11.66666667,-86.33333333,11110.15
 9:48:47,3.056634,101.585388,-105,-1,-12,-87,23399.2
 9:48:47,3.056634,101.585388,-104.5,-0.75,-11.5,-86.5,14466.06667
 9:48:48,3.056634,101.585388,-104,-0.75,-11,-86.33333333,18109.55
 9:48:48,3.056634,101.585388,-104,0,-11,-87,17945.35
 9:48:48,3.056634,101.585388,-104,-0.166666667,-11,-87,17133
 9:48:48,3.056634,101.585388,-104.5,-0.5,-12,-85,15405.76667
 9:48:49,3.056636,101.5853494,-105.5,-0.75,-12,-86.5,14565.35
 9:48:49,3.056641556,101.5852252,-105,-1.25,-12.66666667,-86,11124.75
 9:48:49,3.056643889,101.5850747,-104,-1.666666667,-11.5,-86,12910.3
 9:48:50,3.056644556,101.584844,-103.5,-2,-12.5,-83.5,13115.2
 9:48:50,3.056641,101.584656,-103.6666667,-2.333333333,-12.33333333,-85.66666667,16285.15
 9:48:50,3.056640222,101.5843932,-102,0,-11,-84.5,13113.6
 9:48:51,3.056642889,101.5839761,-104,2,-11,-89,12185.55
 9:48:51,3.056648222,101.5835556,-102.5,3.5,-10,-87.5,18809.25
 9:48:51,3.056655333,101.5832113,-101.3333333,3.25,-10.66666667,-85.33333333,23102.13333
 9:48:52,3.056659556,101.5828534,-98.5,4.833333333,-10,-84,20413.1
 9:48:52,3.056659667,101.582733,-100.5,5,-10,-86.5,16654.25
 9:48:52,3.056670333,101.5820531,-103,5.5,-10.5,-76,16010.2
 9:48:53,3.056671333,101.5816021,-101,3.666666667,-11.5,-71.5,12927.1
 9:48:53,3.056673778,101.5811403,-94,5.5,-10.5,-68,33096.4
 9:48:53,3.056674,101.5807747,-93.5,9.5,-9.5,-67.5,37457.46667
 9:48:53,3.056679,101.580505,-95,11,-9.666666667,-69.33333333,38477.73333
 9:48:53,3.056682,101.580245,-96,11.25,-9.5,-68.5,31153.2
 9:48:53,3.056712333,101.5795304,-92.5,10.25,-10,-67,32174.85
 9:48:53,3.056773,101.5792333,-92,10.5,-9.666666667,-66,36909.8
 9:48:53,3.056889,101.5789336,-90,12.25,-9.5,-64,29391.4
 9:48:54,3.057023222,101.5786906,-86.5,15.16666667,-9,-61.5,52190.9
 9:48:54,3.05706,101.578629,-78,19.66666667,-9,-52.66666667,88800.56667
 9:48:54,3.057110889,101.5784032,-77.5,23.5,-9,-49,89408.3
 9:48:54,3.057109222,101.5781744,-84,22.16666667,-9,-57,66832.75
 9:48:55,3.057105,101.5781489,-85,19.25,-9,-56.5,62849.93333
 9:48:55,3.057105,101.578148,-85.5,19,-10,-59,58864.25
 9:48:55,3.057105,101.578148,-85,18.83333333,-9,-59,63967.73333
 9:48:55,3.057104778,101.578148,-84,19.5,-9,-57.5,50308.7
 9:48:56,3.057080111,101.5781182,-85.5,18,-9,-57.5,61848.35
 9:48:56,3.056940778,101.5779998,-85.66666667,20.75,-9,-57.33333333,69836.05
 9:48:56,3.056747111,101.5778503,-83,21,-9,-56,45510.85
 9:48:56,3.056552222,101.5777046,-85,15.75,-7.5,-59,42489.43333
 9:48:57,3.056449778,101.5776284,-88.66666667,15.33333333,-9,-61,51460.6
 9:48:57,3.056080111,101.5773711,-88.5,8.25,-9.5,-58.5,12736.1
 9:48:57,3.055858778,101.5772147,-85.5,8,-8.5,-56.5,21856.45
 9:48:57,3.055531333,101.5770027,-80,17.5,-9.5,-51.5,43859
 9:48:58,3.055252,101.5768587,-77.33333333,22.5,-6.666666667,-52.33333333,56873.95
 9:48:58,3.054912444,101.5767368,-79,24.25,-6.5,-54.5,24459.25
 9:48:58,3.05474,101.576691,-78.33333333,26.5,-6,-53.66666667,26925.56667
 9:48:59,3.054707111,101.5766874,-88.66666667,24.25,-6,-67.33333333,14351.73333
 9:48:59,3.054008556,101.5766577,-90,24.5,-6,-68,28142.7
 9:48:59,3.053442556,101.576645,-90,19.83333333,-7.5,-67,50739
 9:48:59,3.052944556,101.576645,-90.66666667,21,-6.333333333,-69.33333333,39640.2
 9:49:00,3.052517667,101.576653,-95.66666667,18.75,-9,-69.33333333,41658.45
 9:49:00,3.052265,101.576653,-94.5,14.16666667,-9,-68.5,24300.93333
 9:49:00,3.052247,101.576653,-96,10.16666667,-10,-69,16979.46667
 9:49:00,3.051587,101.576662,-97,10,-10,-70,7638.8
 9:49:01,3.051190444,101.5766697,-98,4.25,-12,-70,7990.85
 9:49:01,3.050957667,101.5766983,-98.33333333,0.833333333,-11.33333333,-70.66666667,10427.9
 9:49:01,3.050751222,101.5768356,-110,-1.25,-12.5,-78.5,3054
 9:49:01,3.050655667,101.5769929,-108,-4.333333333,-13,-75,3010.7
 9:49:02,3.050630556,101.5770919,-109.6666667,-3.833333333,-13.33333333,-89.33333333,3873.2
 9:49:02,3.050618778,101.5772156,-109,-2.5,-12,-87,937.1
 9:49:02,3.050598333,101.5776033,-109,-0.833333333,-11.66666667,-91.33333333,4660.35
 9:49:02,3.050590333,101.5778963,-108,-0.75,-12,-91,15992.3
 9:49:03,3.050579556,101.5782861,-106,0.75,-11,-89,18316.73333
 9:49:03,3.050570444,101.578619,-105,0.75,-11,-87,23983
 9:49:03,3.050568,101.578865,-103.6666667,1.666666667,-10.66666667,-86.66666667,21016.26667
 9:49:04,3.050565778,101.5791491,-104,1.5,-11,-87.5,15891.4
 9:49:04,3.050555111,101.5795913,-99,-0.5,-10,-85.33333333,8286.1
 9:49:04,3.050541778,101.5799542,-102,0.25,-11,-85.5,11420.6
 9:49:05,3.050535,101.5803207,-95,-1.333333333,-10.5,-80.5,12574.1
 9:49:05,3.050541889,101.5807936,-91,0.5,-10,-76,24636.43333
 9:49:05,3.050544,101.581154,-89.66666667,3.666666667,-9.666666667,-75,31739.5
 9:49:06,3.050544,101.581154,-86.33333333,6,-9.666666667,-71,15541.63333
 9:49:06,3.050546111,101.581815,-86,10.5,-10,-69,24697.9
 9:49:06,3.050549333,101.5822338,-85.5,12.25,-10,-68,57329.96667
 9:49:07,3.050581889,101.5824828,-80.5,15,-8.5,-69,57242.75
 9:49:07,3.050651222,101.5826426,-87,12.5,-9,-71.33333333,49569.6
 9:49:07,3.050736222,101.5827396,-84.5,11.5,-9,-69,57113.36667
 9:49:07,3.050744,101.582748,-88,10.66666667,-9,-72,40095.4
 9:49:07,3.050764,101.5827618,-91,9.333333333,-9.333333333,-75.66666667,36255.15
 9:49:07,3.051016222,101.582872,-93,9,-9,-77,16145.5
 9:49:07,3.051275778,101.5830291,-95,7.75,-10,-78.5,33414.6
 9:49:07,3.051437444,101.5831503,-94,10,-9.5,-77.5,61967.05
 9:49:08,3.051600667,101.5832853,-90,12,-9,-74.66666667,56797.1
 9:49:08,3.051792889,101.5834444,-91.5,12.66666667,-9.5,-75.5,48845.8
 9:49:08,3.051855,101.583496,-87,12.5,-9.333333333,-72.66666667,61735.23333
 9:49:09,3.051930667,101.5835597,-90,13.5,-9,-73.5,47938.4
 9:49:09,3.052510111,101.5840514,-89.5,12,-9,-73.5,48291.3
 9:49:10,3.052947667,101.5844191,-97,9.75,-9.5,-80,35183.1
 9:49:10,3.053207222,101.5846312,-96.5,9.75,-9,-79.5,34902.73333
 9:49:10,3.053567556,101.5848694,-99,7.75,-10,-81,18711.4
 9:49:10,3.053861333,101.5849917,-99.66666667,1.333333333,-12.33333333,-79.66666667,9911.25
 9:49:11,3.053912,101.585007,-100,-2.25,-9.666666667,-83.66666667,17274.35
 9:49:11,3.053912,101.585007,-99,2.5,-11,-69,4671.35
 9:49:11,3.054593333,101.5850848,-105,1.5,-13,-74,2502.8
 9:49:11,3.054935,101.585098,-104.3333333,-0.5,-12,-73,24793.89
 9:49:12,3.055095444,101.5850989,-105,4.5,-10,-76,476.25
 9:49:12,3.055488889,101.585106,-106.6666667,1.75,-11,-77,8015.85
 9:49:12,3.055777,101.585106,-107,1.166666667,-10.5,-77.5,6614.3
 9:49:12,3.056060667,101.585106,-104,1.5,-10.5,-75.5,13933.3
 9:49:13,3.056175333,101.585106,-104,3,-10,-75,7533.85
 9:49:13,3.056386333,101.5851007,-103.6666667,3,-10.66666667,-75.66666667,10903.35
 9:49:13,3.056552333,101.5850926,-103,2.25,-10,-75,3807.35
 9:49:14,3.056643889,101.5851146,-104,1.25,-11,-74,8907.7
 9:49:14,3.056648444,101.5851612,-103,0,-11,-74,10523.9
 9:49:14,3.056609556,101.5851758,-103.6666667,1.166666667,-10.33333333,-74.33333333,12880.3
 9:49:14,3.056392667,101.585175,-105,1.25,-10.5,-74.5,11134.6
 9:49:15,3.056187778,101.585175,-105,2,-10,-75.5,4133.1
 9:49:15,3.055870333,101.5851789,-107,1.75,-10.5,-77.5,4086.6
 9:49:15,3.055579667,101.585182,-106.3333333,1.75,-10.66666667,-76.66666667,13335.25
 9:49:15,3.055231778,101.5851882,-105,1.666666667,-10.5,-76,8315.633333
 9:49:16,3.054937222,101.58519,-104.5,3.75,-10,-75,13692.3
 9:49:16,3.054468333,101.5851962,-94,8,-8.5,-66,17169.45
 9:49:16,3.054143667,101.5851747,-95.33333333,9.166666667,-9.666666667,-67,25876.75
 9:49:16,3.053751333,101.5850807,-97,6.75,-9.5,-67.5,19350.6
 9:49:17,3.053460889,101.5849442,-108,0.5,-13,-75,11806.7
 9:49:17,3.053318,101.584846,-97.66666667,-0.75,-8.333333333,-76.33333333,15613.7
 9:49:17,3.053022667,101.5846156,-97.5,9.5,-9.5,-82,57928.2
 9:49:18,3.052681444,101.5843324,-89.5,13,-9,-74,55431.46667
 9:49:18,3.052333444,101.5840341,-87,13,-9,-72,59891
 9:49:18,3.052038778,101.5837821,-92,16.16666667,-9,-75.5,72697.95
 9:49:19,3.051757111,101.5835317,-90,13.25,-9.5,-72.5,57731
 9:49:19,3.051606889,101.5834029,-93.5,14,-9,-77,43061.35
 9:49:20,3.051210556,101.5831116,-93.33333333,11.25,-9.666666667,-78.66666667,44892.5
 9:49:20,3.050966556,101.5829993,-87.5,11.16666667,-9,-72,48202.85
 9:49:20,3.050804333,101.5829544,-81,16.25,-8,-69.5,61493.25
 9:49:21,3.050715444,101.582939,-78,20.75,-9,-64.5,59900.13333
 9:49:21,3.050696,101.582939,-85,15.83333333,-8,-73.33333333,54356.2
 9:49:21,3.050696,101.582939,-84,14,-8,-73.5,62066.9
 9:49:21,3.050696,101.582939,-84,14.75,-8.5,-73.5,62746.8
 9:49:22,3.050696,101.582939,-84.5,14.75,-8.5,-74,63986.86667
 9:49:22,3.050696,101.582939,-83.33333333,15,-8,-74.33333333,68661.6
 9:49:22,3.050696,101.582939,-81,15.16666667,-8,-72.5,68319.56667
 9:49:22,3.050696,101.582939,-80,14.75,-8,-73,67704.35
 9:49:22,3.050696,101.582939,-83.33333333,15.25,-8,-73.33333333,66235.35
 9:49:22,3.050696,101.582939,-81.5,15.33333333,-8,-73.5,58523.8
 9:49:22,3.050696,101.582939,-82.5,16.25,-8,-71.5,48194.8
 9:49:22,3.050696,101.582939,-83.33333333,16.25,-8,-70.66666667,62742.06667
 9:49:23,3.050696,101.582939,-84,17,-8,-71,57173.7
 9:49:23,3.050696,101.582939,-83,16.5,-8,-70,57555.9
 9:49:23,3.050696,101.582939,-83,16,-6.666666667,-72.66666667,23387.96
 9:49:24,3.050696,101.582939,-81.66666667,15.75,-6.333333333,-71.66666667,45565.45
 9:49:24,3.050696,101.582939,-81.5,16.16666667,-8,-70.5,50178.46667
 9:49:24,3.050696,101.582939,-82,16.25,-8,-71,57344
 9:49:25,3.050696,101.582939,-92.76,16,-10.3,-71.53,54831.23333
 9:49:25,3.050696,101.582939,-82,16.25,-8,-70.33333333,59472.5
 9:49:25,3.050696,101.582939,-82,15.83333333,-8,-71,55603.25
 9:49:25,3.050696,101.582939,-82,16,-8,-70.5,58086.66667
 9:49:26,3.050696,101.582939,-82.33333333,15.83333333,-8,-70,64114.6
 9:49:26,3.050696,101.582939,-84,15,-8.5,-71.5,61271.5
 9:49:26,3.050636,101.5829359,-89,11.5,-9,-74,44321.93333
 9:49:26,3.050453111,101.582932,-80,13.75,-8.5,-66,47449.05
 9:49:27,3.050252222,101.5829249,-92.33333333,10.75,-9.666666667,-76.66666667,23798.85
 9:49:27,3.050042333,101.5829106,-97,7,-10.5,-79,25826.56667
 9:49:27,3.049788778,101.5829046,-98,1.25,-11.5,-80.5,23486.05
 9:49:27,3.049379444,101.582893,-99.66666667,0.333333333,-10.33333333,-82.66666667,13091.6
 9:49:28,3.049164,101.582893,-100.5,-0.333333333,-9,-84.5,15615.2
 9:49:28,3.048904444,101.5829019,-98.5,7.25,-10,-83.5,25693.2
 9:49:28,3.048587667,101.582916,-99,9.25,-10,-83.5,29935.45
 9:49:28,3.048413,101.582916,-97.66666667,11.83333333,-10,-81.66666667,34280.1
 9:49:29,3.048121444,101.5828976,-94.5,14,-10,-80.5,15410.5
 9:49:29,3.047686889,101.5828709,-94.5,13.75,-11,-78.5,26521.9
 9:49:29,3.047408111,101.58287,-87,14.5,-10.5,-70,37011.35
 9:49:29,3.047276333,101.5828677,-84.66666667,13.25,-8,-71.66666667,14145.9
 9:49:30,3.047180333,101.582863,-83.5,13.5,-9,-67.5,35498.06667
 9:49:30,3.047125,101.582863,-79.66666667,13.16666667,-9.666666667,-62.33333333,43223.1
 9:49:30,3.047119667,101.582863,-75.5,12.5,-9.5,-58,29078.8
 9:49:31,3.047119,101.582863,-75,11.16666667,-8.5,-58,45054.3
 9:49:31,3.047119,101.582863,-75.5,11,-9,-57,45419.66667
 9:49:31,3.047119,101.582863,-75.5,13.75,-9,-58,50584.3
 9:49:31,3.047119,101.582863,-75,12.83333333,-9,-57.66666667,44445.65
 9:49:32,3.047119,101.582863,-75.5,13,-9,-57.5,42547.45
 9:49:32,3.047119,101.582863,-75.5,13.5,-9,-58,46866.16667
 9:49:32,3.047119,101.582863,-76,14.75,-9,-57.5,27595.25
 9:49:33,3.047119,101.582863,-75.33333333,13,-9,-58,60209.35
 9:49:33,3.047119,101.582863,-80,13.83333333,-10,-61,43672.6
 9:49:33,3.047119,101.582863,-80.66666667,10.5,-9.666666667,-60.66666667,39745.76667
 9:49:34,3.047119,101.582863,-81,11.75,-10,-61,29851
 9:49:34,3.047119,101.582863,-81,7.25,-10.33333333,-61,35722.05
 9:49:35,3.047114667,101.582863,-80,9.166666667,-10,-61.5,37905.8
 9:49:35,3.047024889,101.582863,-73.5,15.5,-9,-55.5,47048.53333
 9:49:36,3.046875667,101.582863,-66.33333333,16,-8.333333333,-52,73210.25
 9:49:36,3.046809222,101.5828621,-69.5,19.33333333,-9,-54.5,63871.15
 9:49:36,3.046417333,101.582855,-67,20.75,-8,-50.5,67694.95
 9:49:36,3.046145556,101.582855,-82.66666667,18.75,-8.666666667,-69,39325.8
 9:49:36,3.045934222,101.582855,-83,12.5,-8.5,-74,24919.55
 9:49:36,3.045635444,101.582855,-82.5,14.83333333,-8.5,-70.5,49530.55
 9:49:36,3.045301,101.582855,-80,19.5,-8.666666667,-68.66666667,56319.9
 9:49:37,3.045004,101.582855,-81,16.5,-9,-69,57656.95
 9:49:37,3.044453333,101.5828568,-72.33333333,17.75,-9,-60.33333333,86283.2
 9:49:37,3.044015222,101.582863,-68.5,20.5,-9,-55,67661.3
 9:49:37,3.043564111,101.582863,-70.5,17.75,-9,-54,46459.96667
 9:49:38,3.043281333,101.582863,-73.33333333,11.5,-9,-58,23271.5
 9:49:38,3.043086,101.582863,-68.66666667,17,-9,-54.33333333,51601.1
 9:49:38,3.042707111,101.5828653,-70,21.25,-9,-56,74517.5
 9:49:38,3.041983,101.58287,-73.5,24.5,-9,-59,86371.8
 9:49:39,3.041579222,101.58287,-82,25,-9,-67,83502.9
 9:49:39,3.041187889,101.5828669,-90,22.66666667,-9,-73.5,70006.8
 9:49:39,3.040847,101.5828559,-93,21,-9,-77.5,50700.83333
 9:49:40,3.040744667,101.5828542,-95.66666667,18,-9,-79.33333333,37658
 9:49:40,3.040241222,101.5828542,-98,15.75,-9,-83.5,26710.1
 9:49:40,3.040007222,101.5828586,-99.5,15.25,-9,-84.5,36897.16667
 9:49:41,3.039825333,101.5828692,-99.5,15.25,-9,-85.5,26962.8
 9:49:41,3.039714889,101.582863,-100.6666667,14.66666667,-8.333333333,-86.66666667,23306
 9:49:41,3.039649,101.582863,-100,14.16666667,-8.333333333,-86,37976.1
 9:49:41,3.039645667,101.5828653,-101,14.25,-8.5,-86.5,27350.65
 9:49:42,3.039639,101.58287,-101,13,-9,-87.5,25210.5
 9:49:42,3.039637333,101.5828661,-101,14.25,-9,-86.5,45948.95
 9:49:42,3.039636,101.582863,-101.3333333,14.25,-9,-86.33333333,42375.85
 9:49:42,3.039636,101.582863,-101.5,14.5,-9,-86.5,41740.5
 9:49:43,3.039636,101.582863,-102.5,13.83333333,-9,-86.5,39804.16667
 9:49:43,3.039636,101.582863,-101.3333333,13.33333333,-9.333333333,-85.66666667,42187.8
 9:49:43,3.039636,101.582863,-102,13,-9,-87,36208.55
 9:49:43,3.039636,101.582863,-101.5,12.75,-9.5,-86,35590.6
 9:49:44,3.039636,101.582863,-101,13.25,-9.333333333,-85,39063.65
 9:49:44,3.039636,101.582863,-102,14.25,-9.5,-86,29707.2
 9:49:44,3.039636,101.582863,-101.5,13.5,-9,-86,41928.55
 9:49:44,3.039636,101.582863,-101.6666667,12.66666667,-9.333333333,-86,31186.56667
 9:49:45,3.039636,101.582863,-102.6666667,12,-9.333333333,-85.66666667,40878.4
 9:49:45,3.039636,101.582863,-103,13,-9,-86,30319.9
 9:49:45,3.039636,101.582863,-102.5,13.16666667,-9.5,-87,47202.25
 9:49:46,3.039636,101.582863,-102,12.5,-9,-86,49922.43333
 9:49:47,3.039636,101.582863,-102,14,-9,-85,51798.35
 9:49:47,3.039636,101.582863,-102,13.66666667,-9,-86,50762.3
 9:49:48,3.039636,101.582863,-101.6666667,14,-9.333333333,-85,31365.83333
 9:49:48,3.039636,101.582863,-101,14,-10,-84,40698.3
 9:49:48,3.039636,101.582863,-102,14.5,-9.5,-84.5,44618.75
 9:49:49,3.039636,101.582863,-92.76,14.33333333,-10.5,-74.55,43632.53333
 9:49:49,3.039636,101.582863,-102,14.25,-9,-85,44504.2
 9:49:49,3.039636,101.582863,-101.6666667,13.5,-10,-85,40738.73333
 9:49:49,3.039636,101.582863,-102,12.75,-10,-85,43562.7
 9:49:49,3.039636,101.582863,-100.5,13.25,-10,-87.5,43667.16667
 9:49:49,3.039596,101.582863,-99.33333333,13.25,-9.333333333,-84.66666667,38514.25
 9:49:50,3.039528556,101.5828256,-96.5,13.75,-9,-79,30792.65
 9:49:50,3.039549667,101.582768,-97,14.5,-9,-82,40463.75
 9:49:50,3.039583,101.582756,-94,15.66666667,-9.333333333,-82.33333333,36194.86667
 9:49:51,3.039724444,101.5827587,-95,17.5,-9,-80,33384.9
 9:49:51,3.040024556,101.582764,-94.66666667,17.25,-9.333333333,-81.33333333,49553.1
 9:49:51,3.040246444,101.582764,-92.5,19.33333333,-9,-78,50021.1
 9:49:51,3.040556889,101.582764,-88,19.5,-9,-75.5,44518.1
 9:49:52,3.040839222,101.582764,-82.33333333,22,-9,-70.66666667,51865.95
 9:49:52,3.040933,101.582764,-80,23,-9,-66.66666667,59242.46667
 9:49:53,3.040950444,101.582764,-73.5,24.33333333,-9,-60.5,70336.03333
 9:49:53,3.041742111,101.5827704,-73,25,-9,-57,85978.3
 9:49:53,3.042261111,101.582779,-69.5,25,-9,-54,69409.6
 9:49:53,3.042644444,101.582779,-69.66666667,24.83333333,-9,-54,64915.3
 9:49:54,3.043072444,101.582779,-75,21.75,-9.5,-58,58056.95
 9:49:54,3.043385333,101.582779,-72,10,-9.666666667,-54,8758.3
 9:49:54,3.043622,101.582779,-68.33333333,18.33333333,-8.666666667,-51,41368.83333
 9:49:55,3.043641667,101.5827799,-68.5,22.66666667,-8.5,-54.5,82665.26667
 9:49:55,3.044476111,101.5827781,-77,23,-9,-62,82269.5
 9:49:55,3.044924,101.5827687,-83,19.83333333,-9,-67.33333333,58926.05
 9:49:55,3.045334333,101.5827578,-89,14.25,-9,-74,36952.33333
 9:49:56,3.045748778,101.582756,-92,12.25,-9,-76,23852.7
 9:49:56,3.046077444,101.5827578,-87.66666667,5.5,-9,-72,2482.3
 9:49:56,3.046212,101.582764,-77,11.16666667,-9,-63,58382.5
 9:49:56,3.046433111,101.582764,-72,17.75,-8,-58,45215.5
 9:49:57,3.047117222,101.582764,-81.66666667,15.25,-9.666666667,-64.33333333,45463.35
 9:49:57,3.047386556,101.5827569,-91,9.5,-12.5,-71.5,19113.9
 9:49:57,3.047770333,101.5827489,-95,8.75,-11,-78.5,27870.8
 9:49:57,3.047978222,101.5827472,-95.5,5.5,-9.5,-80,17652
 9:49:58,3.048208,101.582741,-94.33333333,9.333333333,-8.333333333,-79.33333333,32823.4
 9:49:58,3.048208,101.582741,-96.33333333,12.66666667,-9.666666667,-79.33333333,42525.73333
 9:49:58,3.048418,101.582741,-96.5,12.25,-10,-79,23695.9
 9:49:58,3.049212333,101.5827464,-99,11,-10.5,-82,17158.7
 9:49:59,3.049568111,101.5827464,-97,6.75,-11,-79.5,7955.8
 9:49:59,3.049826667,101.582741,-100,3.333333333,-10,-83,9278.75
 9:49:59,3.050031333,101.5827377,-98,4.5,-10.5,-81.5,10268.53333
 9:50:00,3.050172,101.582703,-97.33333333,0.375,-10.33333333,-78.66666667,11567.1
 9:50:00,3.050172,101.582703,-92.33333333,1.166666667,-10,-75.33333333,18512.86667
 9:50:00,3.050209,101.5826698,-94.5,5.5,-10,-77.5,25104
 9:50:01,3.050393889,101.582407,-95,7,-10,-78,23084.1
 9:50:01,3.050412667,101.5822553,-95,5.333333333,-10,-79.33333333,30315.75
 9:50:01,3.050422556,101.5820531,-96,5.5,-10.5,-79.5,24068.4
 9:50:01,3.050429667,101.5817567,-93.5,4.75,-10.5,-76.5,19459.2
 9:50:01,3.050432333,101.5815409,-92.66666667,2.5,-11,-76.33333333,17929.2
 9:50:01,3.050433,101.581512,-96,1.333333333,-11,-77.66666667,13887.1
 9:50:02,3.05043,101.5811758,-96,0.5,-12,-77,6010.2
 9:50:02,3.050410444,101.5803517,-100.6666667,-2,-12,-82.66666667,29001.2
 9:50:02,3.050401778,101.579879,-104,-3.75,-12.5,-87.5,2585
 9:50:02,3.050406,101.579547,-107.6666667,-5.875,-14.66666667,-87.33333333,2211
 9:50:03,3.050408333,101.5793837,-104.3333333,-4,-11,-88.66666667,10024.76667
 9:50:03,3.050409,101.57933,-107,0.666666667,-12.66666667,-89.66666667,5577.2
 9:50:03,3.050414,101.5788554,-106,-2.25,-14,-86,2553.9
 9:50:03,3.050407111,101.5781248,-109.5,-1.5,-12,-91,8034.266667
 9:50:04,3.050402333,101.5777993,-109.6666667,-1.5,-10.66666667,-94.33333333,4818.9
 9:50:04,3.050407444,101.5775078,-114.5,-1.5,-14.5,-95,8744.9
 9:50:04,3.050406222,101.5772389,-114,-3.5,-15,-93.5,8402.7
 9:50:04,3.050403,101.577103,-111.6666667,-3.333333333,-14.33333333,-92,9952.8
 9:50:05,3.050380667,101.577028,-108,-2.5,-12,-88,12797.8
 9:50:05,3.050230111,101.576806,-102,-0.25,-11.5,-70,27162.86667
 9:50:05,3.050062556,101.5767196,-94,7.75,-8.5,-68.5,37600.7
 9:50:05,3.049859889,101.5766998,-98.33333333,10.75,-10,-71.66666667,21421.3
 9:50:06,3.049640667,101.5766949,-98.5,5.166666667,-10.5,-73.5,22887.25
 9:50:06,3.04937,101.576691,-98.33333333,7,-9.333333333,-74.33333333,22204.13333
 9:50:06,3.048985111,101.5766794,-103,5,-13,-72,12601.15
 9:50:06,3.048638889,101.5766719,-101.6666667,2,-10,-77.33333333,15547.85
 9:50:07,3.048254,101.5766578,-104,2.5,-11.5,-74.5,5069.35
 9:50:07,3.047881,101.5766252,-104,-1,-14,-72,6585.8
 9:50:07,3.047559667,101.5765657,-103.3333333,1.5,-10,-74.66666667,12415.53333
 9:50:07,3.047507,101.576553,-102,4.1,-10,-75,20586.55
 9:50:08,3.046943667,101.5764023,-101.5,8,-12,-83.5,2234.5
 9:50:08,3.046551889,101.5763001,-98,12,-12,-80,45444.9
 9:50:08,3.046211889,101.5762169,-102,14,-12,-84,48401.9
 9:50:08,3.045868333,101.576132,-101.3333333,13.5,-12,-82.66666667,21819.3
 9:50:09,3.045707778,101.5760934,-100.5,14.33333333,-12,-82.5,58507.6
 9:50:09,3.045411556,101.5760247,-102,14,-12,-84,48974.25
 9:50:09,3.045176889,101.5759679,-105.5,10.25,-12,-87,10570.6
 9:50:09,3.045076222,101.5759439,-105.3333333,7.5,-12.66666667,-86.33333333,28081.1
 9:50:10,3.045031667,101.5759327,-106,6.5,-12.5,-87,28173.05
 9:50:10,3.044934333,101.5759071,-104.5,5.75,-12.5,-85.5,17133.9
 9:50:10,3.04489,101.575897,-105.6666667,6.5,-13,-86.33333333,24735.03333
 9:50:10,3.044564222,101.5758168,-106.5,6,-12.5,-87.5,17843.7
 9:50:11,3.044307889,101.5757494,-101.5,6.333333333,-12.5,-83.5,18383.2
 9:50:11,3.044125667,101.5757192,-100,7.75,-12,-82,39926.33333
 9:50:11,3.044023556,101.5757478,-99.5,10.25,-12,-81.5,28309.4
 9:50:11,3.043988,101.575836,-94,12.33333333,-12,-74.33333333,55878.15
 9:50:12,3.043984556,101.5758859,-90.5,15.25,-11.5,-71.5,75180
 9:50:12,3.043972778,101.5760666,-96.5,16.5,-12,-79,51665.13333
 9:50:12,3.043964778,101.5761251,-100.5,14.5,-12,-84,33313.35
 9:50:13,3.043956333,101.5762376,-101.6666667,13.25,-12,-84.66666667,39612.05
 9:50:13,3.043957444,101.5764091,-107.5,9.833333333,-12,-89.5,33678.75
 9:50:13,3.043959,101.576599,-106.3333333,7,-12.33333333,-88.66666667,15196.5
 9:50:14,3.043959,101.576599,-108.6666667,6.5,-12.66666667,-90,24021.46667
 9:50:14,3.043956889,101.5767747,-108,6,-13,-91,17653.25
 9:50:14,3.043943444,101.5772323,-104,6.25,-12,-86.5,13740.6
 9:50:14,3.043940667,101.5772924,-104,6.5,-12.33333333,-87.33333333,20903.2
 9:50:14,3.043933444,101.577439,-106.5,6.5,-12,-88.5,23478.8
 9:50:14,3.043929111,101.5776333,-106.5,6.166666667,-12.5,-89.5,14965.65
 9:50:15,3.043928,101.577744,-105.6666667,6.5,-12.33333333,-87.66666667,24494.13333
 9:50:15,3.043927778,101.5777676,-104.3333333,6,-12.66666667,-87.66666667,20499.06667
 9:50:15,3.04392625,101.5779665,-104,5,-12.5,-86,5656.35
 9:50:15,3.0439095,101.5782908,-105,5.5,-12.5,-85.5,28420.95
 9:50:16,3.043906,101.5784773,-104.5,3.25,-13,-86.5,17490.35
 9:50:16,3.043908889,101.5786576,-104,2,-13,-85,9203.966667
 9:50:16,3.043913,101.5788117,-107,0.833333333,-13.66666667,-88.66666667,14096.9
 9:50:16,3.043913,101.578842,-111.6666667,-1,-14,-91.66666667,12150.63333
 9:50:17,3.043915111,101.5789379,-113,-2,-14,-91,5087.3
 9:50:17,3.043927,101.5792048,-114.5,-3.75,-16,-92.5,12081.2
 9:50:17,3.043934222,101.579342,-114,-6,-14,-93.66666667,4589.45
 9:50:17,3.043957556,101.5794198,-114,-6.25,-14.5,-93,3233.9
 9:50:18,3.044016,101.5794626,-108.6666667,-6.5,-12.33333333,-83.33333333,3424.8
 9:50:18,3.044121111,101.5794892,-109.5,-3.833333333,-13.5,-91,16041.35
 9:50:18,3.044234,101.579491,-115.3333333,-3.5,-15.33333333,-93.66666667,11993.65
 9:50:18,3.044234,101.579491,-109.3333333,-2.5,-13.66666667,-91.33333333,6536.2
 9:50:19,3.044596222,101.5794857,-110,-1.5,-14,-90,12991.7
 9:50:19,3.044978333,101.5794821,-109,-0.5,-13.5,-90.5,14030.26667
 9:50:19,3.045235,101.579475,-107.6666667,0.5,-13.33333333,-88,17808.15
 9:50:19,3.045235,101.579475,-108,0.5,-13.33333333,-89,13813.73333
 9:50:20,3.046135,101.5795,-106,1.333333333,-13.33333333,-89.66666667,13506.16667
 9:50:20,3.046135,101.5795,-110,0.333333333,-13.66666667,-90.66666667,5443.966667
 9:50:20,3.046135,101.579483,-110,-1.5,-13,-89,5097.25
 9:50:20,3.046206111,101.5794874,-111.5,-2.25,-13,-80.5,3127.85
 9:50:21,3.046325667,101.579491,-109.5,-5,-13.5,-79,1503.3
 9:50:21,3.046559667,101.5794848,-106,-3.75,-13.5,-82,13944.43333
 9:50:21,3.046785778,101.5794696,-106.6666667,-0.666666667,-13.66666667,-88.33333333,17612.65
 9:50:21,3.046812,101.579468,-107.3333333,2,-13,-88.33333333,19598.86667
 9:50:22,3.046876444,101.579468,-110,3.5,-13,-91,24413.2
 9:50:22,3.047255889,101.579468,-109,3.5,-13,-91,18807.25
 9:50:22,3.047307444,101.579468,-110.3333333,4.833333333,-13,-91.33333333,27703.85
 9:50:22,3.047416444,101.5794719,-111,4.5,-13,-91.5,25546.25
 9:50:23,3.047560333,101.579475,-107.5,5,-12.5,-87.5,20113.36667
 9:50:23,3.047689,101.579475,-109,3.833333333,-13.33333333,-89.33333333,18723.36667
 9:50:23,3.047757,101.579475,-109.3333333,1.666666667,-13.33333333,-91.33333333,7035.75
 9:50:23,3.047791,101.579475,-111,-0.333333333,-13.33333333,-92,18830.6
 9:50:24,3.048018111,101.5794711,-109,-1.5,-11,-89,11159.5
 9:50:24,3.048417778,101.5794711,-109,0,-10.5,-90,22085.9
 9:50:24,3.048581111,101.579475,-105,2,-10.5,-88.5,15139.7
 9:50:25,3.048746,101.579475,-106,3.5,-10,-89.66666667,21931.3
 9:50:25,3.048782,101.579475,-102.3333333,5.166666667,-10,-86.33333333,19766.6
 9:50:25,3.048941778,101.579475,-107,4.25,-11,-88.5,9748.75
 9:50:26,3.049366667,101.5794786,-99,0,-9,-85,24506.75
 9:50:26,3.049861,101.579483,-101.6666667,-0.833333333,-9,-84.66666667,9516.35
 9:50:26,3.050045333,101.5794866,-107.5,1.5,-11,-90,16804.6
 9:50:26,3.050243,101.5794778,-109,2.5,-11,-90,17090.9
 9:50:26,3.050307222,101.5794594,-106.6666667,1.75,-12,-86,10487.95
 9:50:26,3.050337,101.579437,-106.3333333,0.333333333,-12.33333333,-87,7231.233333
 9:50:27,3.050350778,101.5793982,-103,0.25,-11,-87,13957.15
 9:50:27,3.050365,101.5791812,-105,2,-11,-88.33333333,8301.5
 9:50:27,3.050369556,101.5789751,-109,2,-10.5,-91.5,9768.6
 9:50:27,3.050375556,101.5786906,-107.5,2,-12.5,-89.5,6712.85
 9:50:28,3.050376,101.578431,-107.5,-1.25,-14,-87.5,5086.9
 9:50:28,3.050377,101.578316,-110.6666667,-2.25,-12,-91.33333333,5439.6
 9:50:28,3.050377333,101.5783016,-112.3333333,-1.333333333,-14,-93,6778.95
 9:50:28,3.050383667,101.5776508,-114.5,-1.5,-14.5,-95,5008.6
 9:50:29,3.050384222,101.5772653,-113.5,-3.5,-15,-93,7672.05
 9:50:29,3.050362889,101.57704,-113.5,-4,-15,-93,6053.866667
 9:50:29,3.050326667,101.5769406,-110,-3.75,-14.33333333,-88.66666667,4136.8
 9:50:29,3.050236889,101.5768432,-103,-1.5,-11.5,-72.5,9904.15
 9:50:30,3.050202,101.576813,-92,5.5,-9,-64.66666667,28781.76667
 9:50:30,3.050192333,101.5768036,-92,13.5,-8,-64.5,35474.2
 9:50:30,3.049995,101.5767312,-99.5,11,-9.5,-73,25746.6
 9:50:30,3.049766556,101.576721,-100,7,-10,-74,13794.25
 9:50:31,3.049525,101.576713,-98.5,6.25,-9.5,-75,21187.8
 9:50:31,3.049160111,101.5766972,-101,6.75,-9,-74.5,13691.1
 9:50:31,3.048858333,101.5766857,-102.3333333,4.833333333,-10,-75.66666667,8535.8
 9:50:31,3.048809,101.576683,-102.3333333,-0.833333333,-14.33333333,-70.33333333,1987.5
 9:50:32,3.048347444,101.5766536,-106,-6,-16,-72,3417.5
 9:50:32,3.047785111,101.5765933,-104,-4.75,-13.5,-71,8313.7
 9:50:32,3.047371222,101.5765022,-103.6666667,0.5,-10.66666667,-73.66666667,3993.5
 9:50:32,3.047105222,101.5764304,-102.5,2,-10.5,-79.5,8977.7
 9:50:33,3.046691778,101.576315,-98.66666667,10.25,-12,-82,51089.15
 9:50:33,3.04652,101.576279,-101.6666667,13,-12,-83.66666667,55443.76667
 9:50:33,3.04652,101.576279,-101.6666667,14.16666667,-12,-83,62643.4
 9:50:33,3.045955111,101.5761424,-102,15,-12,-83,65169.4
 9:50:34,3.045310444,101.5759753,-105.5,13.25,-12.5,-86.5,39701.75
 9:50:34,3.044977667,101.5758862,-104,9,-12,-83.5,35385.85
 9:50:34,3.044630556,101.5758018,-104.5,6,-13,-85.5,26660.6
 9:50:34,3.044288222,101.5757166,-101,7.25,-12.33333333,-83.33333333,42681.5
 9:50:35,3.044186,101.575691,-95.33333333,13.66666667,-12,-77.33333333,61891.93333
 9:50:35,3.044169,101.5756868,-100.5,12.33333333,-12,-80.5,44789.26667
 9:50:35,3.043412444,101.5754897,-103,10.5,-12,-83,37988.5
 9:50:35,3.042968778,101.5753741,-103.5,9.5,-12.5,-83.5,32851.6
 9:50:36,3.042631667,101.5753097,-102.3333333,7.333333333,-12,-82.66666667,25654.4
 9:50:36,3.042333222,101.5752817,-106,5,-13,-86,19519.5
 9:50:36,3.042063444,101.5752932,-105,5.5,-12,-86.33333333,15311.4
 9:50:37,3.042048,101.575294,-105.3333333,5.833333333,-12.33333333,-85.33333333,20956.53333
 9:50:37,3.041957556,101.5753062,-106.5,3.5,-13,-85,14632.15
 9:50:37,3.041254667,101.5755608,-108,1,-13,-87,8239.5
 9:50:38,3.040936778,101.575764,-117.5,-2.666666667,-15,-94.5,4283.65
 9:50:38,3.040763889,101.575921,-116,-6.5,-13.33333333,-93,1227.7
 9:50:38,3.040592556,101.576123,-109.5,-4.25,-12.5,-86,5852.7
 9:50:38,3.040424667,101.5763721,-104.5,1.75,-10.5,-87.5,10036.9
 9:50:38,3.040308889,101.5766016,-109,3.333333333,-10.66666667,-90.66666667,24793.89
 9:50:38,3.040140889,101.5770597,-115,-1.666666667,-13,-94.33333333,12189.2
 9:50:39,3.040031778,101.5773866,-115.5,-1.75,-14.5,-94,6296.233333
 9:50:39,3.039920889,101.5777053,-115,-2.25,-15,-94.5,13044.55
 9:50:39,3.039822667,101.577998,-112.6666667,-5.25,-13.66666667,-94.66666667,7115.5
 9:50:39,3.039751111,101.57823,-107.6666667,-2.5,-11.33333333,-90.66666667,8189.4
 9:50:40,3.039668,101.5785167,-111,0.5,-13,-93,7446.05
 9:50:40,3.039561778,101.5789176,-107,-4,-12,-91,2460.2
 9:50:40,3.039516222,101.579172,-104,-1.833333333,-10,-90.5,5525.7
 9:50:40,3.039487,101.5794796,-108,-1.5,-11.66666667,-89.33333333,7904.85
 9:50:41,3.039471778,101.579807,-113,-4.333333333,-15,-92,2924.45
 9:50:41,3.039467,101.5800273,-111,-7,-12.33333333,-93,4551
 9:50:41,3.039465778,101.5801738,-112,-3.833333333,-13.5,-92.5,2956.25
 9:50:41,3.039461222,101.5806496,-110,-1.75,-12.5,-92,6383.8
 9:50:42,3.039458444,101.5808972,-107.5,1.75,-10.5,-92,3437.85
 9:50:42,3.039457333,101.5810747,-107.3333333,-0.5,-9.666666667,-90,11797.85
 9:50:42,3.039454556,101.5812689,-105.5,2.333333333,-11,-88.5,20560
 9:50:42,3.039449556,101.5815922,-103.3333333,4,-10.33333333,-86,23425.55
 9:50:43,3.039450778,101.5817804,-101.5,8.5,-9.5,-85.5,34086.6
 9:50:43,3.039454444,101.5821633,-106,8.833333333,-10,-89,26287
 9:50:43,3.039457333,101.5823689,-101,10.25,-9,-86,33026.86667
 9:50:43,3.039459111,101.5825086,-102.5,11,-9,-86.5,37368.75
 9:50:44,3.03946,101.5825983,-100.6666667,12.5,-9,-84,46008.95
 9:50:44,3.03946,101.5826152,-100,14.75,-9,-84.5,50284.63333
 9:50:44,3.039461,101.582634,-99.5,14.5,-9.5,-86,50646.25
 9:50:44,3.039461,101.582634,-100.5,13.5,-10,-86,51620.6
 9:50:45,3.039461,101.582634,-100,13.16666667,-9.5,-86,49825.4
 9:50:45,3.039461,101.582634,-100,13.75,-9.5,-84.5,51953.36667
 9:50:45,3.039461,101.582634,-100.6666667,13.83333333,-9,-85,54452.75
 9:50:45,3.039461778,101.5826687,-92.5,13.5,-8.5,-78,50778.8
 9:50:46,3.039462333,101.5827723,-97.5,14.5,-9,-81.5,34688.55
 9:50:46,3.039463,101.5829059,-98,16,-9,-80.5,47357.13333
 9:50:46,3.039460667,101.5831482,-98.5,14.75,-9,-83.5,43766.4
 9:50:46,3.039460667,101.583374,-99.66666667,15,-9,-84,44767.8
 9:50:47,3.039460111,101.58353,-99,13.25,-10,-83.5,20870.9
 9:50:47,3.039452,101.5839997,-101,13,-10,-85,24877.36667
 9:50:47,3.039450444,101.5843168,-102,10.5,-10,-85,24036.5
 9:50:47,3.039450444,101.5846372,-101.3333333,8.75,-10.33333333,-84.33333333,20624.9
 9:50:48,3.03945,101.5849782,-103,6.166666667,-11.5,-86,11935.55
 9:50:48,3.03945,101.585091,-103,3.875,-9.333333333,-87,19270.7
 9:50:48,3.039446889,101.5854156,-106,6,-10.5,-90,16205.2
 9:50:49,3.039447556,101.5858647,-100.5,6.666666667,-10,-86.5,12597.45
 9:50:49,3.039451556,101.5862462,-102,5,-10.5,-87,10452.15
 9:50:49,3.039455333,101.586558,-102,4,-10.33333333,-86.66666667,3174.65
 9:50:50,3.039458333,101.586754,-97.5,4.833333333,-9.5,-84,24512.7
 9:50:50,3.039462,101.587036,-90.33333333,10,-9.333333333,-75,34155.63333
 9:50:50,3.039469667,101.5873268,-85,15.25,-9,-70,30669.8
 9:50:50,3.039486222,101.5875863,-85.33333333,15,-9,-71,34844.55
 9:50:51,3.039532222,101.5877533,-79.5,13.83333333,-9.5,-62.5,42758.85
 9:50:51,3.039626,101.5878696,-76,16,-9,-60.5,51896.2
 9:50:51,3.039674667,101.5879187,-71.33333333,19.25,-8,-54.66666667,50084.76667
 9:50:51,3.039683222,101.5879244,-75,19,-7.5,-59,29468.15
 9:50:51,3.039784222,101.5879906,-83,16,-9,-65.5,47163.85
 9:50:51,3.039921889,101.5880138,-82.5,17.25,-9,-65,35963.8
 9:50:52,3.040119444,101.5880271,-83,15.75,-9,-68,43072.9
 9:50:52,3.040351444,101.588036,-86,14,-9,-70.5,34421.95
 9:50:52,3.040577,101.588036,-90.66666667,9.75,-10,-74.66666667,21351.03333
 9:50:52,3.040866778,101.588036,-92,8,-9,-76,22816.75
 9:50:53,3.041247111,101.5880307,-95.33333333,6,-11.33333333,-77,12128.75
 9:50:53,3.041573222,101.5880342,-101,-1.166666667,-14,-79.5,1939.45
 9:50:53,3.041831444,101.5880422,-100.3333333,-5.333333333,-14,-81.33333333,3765.75
 9:50:53,3.042058778,101.5880483,-98,-4.875,-10,-84,1309
 9:50:54,3.042223778,101.588051,-102.6666667,-0.5,-12,-84.66666667,11373.9
 9:50:54,3.042237,101.588051,-98,2.166666667,-10.33333333,-81,12223.86667
 9:50:54,3.042561556,101.5880617,-92,5.5,-10,-80,19603.8
 9:50:54,3.042757778,101.5880687,-93,7.666666667,-9,-77,22363.3
 9:50:55,3.04277,101.588074,-94.5,7,-10,-80.5,15627.8
 9:50:55,3.04277,101.588074,-94.5,4.25,-11,-80.5,23651.45
 9:50:55,3.04277,101.588074,-95,4.5,-10.66666667,-81.33333333,20320.95
 9:50:55,3.04277,101.588074,-93.33333333,7.333333333,-10.66666667,-80.33333333,23358.06667
 9:50:56,3.04277,101.588074,-95,7.5,-10,-80,20010.4
 9:50:56,3.04277,101.588074,-95,6.5,-10,-81,26745.5
